Country,Unit,Current Status,Type,Model,Operator,Reactor Supplier,Const. Date,Grid Date,Shutdown Date,RUP [MWe],Latitude,Longitude
ARGENTINA,ATUCHA-1,Operational,PHWR ,PHWR KWU,NASA,SIEMENS,1968-06-01,1974-03-19,,340,-33.96333333,-59.18638889
ARGENTINA,ATUCHA-2,Operational,PHWR ,PHWR KWU,NASA,SIEMENS,1981-07-14,2014-06-25,,693,-33.96333333,-59.18638889
ARGENTINA,CAREM25,Under Construction,PWR  ,CAREM Prototype,CNEA,CNEA,2014-02-08,,,25,,
ARGENTINA,EMBALSE,Operational,PHWR ,CANDU 6,NASA,AECL,1974-04-01,1983-04-25,,608,-32.232,-64.443
ARMENIA,ARMENIAN-1,Permanent Shutdown,PWR  ,VVER V-270,ANPPCJSC,FAEA,1969-07-01,1976-12-22,1989-02-25,376,,
ARMENIA,ARMENIAN-2,Operational,PWR  ,VVER V-270,ANPPCJSC,FAEA,1975-07-01,1980-01-05,,375,,
BANGLADESH,ROOPPUR-1,Under Construction,PWR  ,VVER V-523,NPCBL,AEM,2017-11-30,,,1080,,
BANGLADESH,ROOPPUR-2,Under Construction,PWR  ,VVER V-523,NPCBL,AEM,2018-07-14,,,1080,,
BELARUS,BELARUSIAN-1,Operational,PWR  ,VVER V-491,BelNPP,JSC ASE,2013-11-08,2020-11-03,,1110,,
BELARUS,BELARUSIAN-2,Under Construction,PWR  ,VVER V-491,BelNPP,JSC ASE,2014-04-27,,,1110,,
BELGIUM,BR-3,Permanent Shutdown,PWR  ,Prototype,CEN/SCK,WH,1957-11-01,1962-10-10,1987-06-30,10,,
BELGIUM,DOEL-1,Operational,PWR  ,WH 2LP,EBL+EDF,ACECOWEN,1969-07-01,1974-08-28,,445,51.32528,4.26111
BELGIUM,DOEL-2,Operational,PWR  ,WH 2LP,EBL+EDF,ACECOWEN,1971-09-01,1975-08-21,,433,51.32528,4.26111
BELGIUM,DOEL-3,Operational,PWR  ,WH 3LP,EBL+EDF,FRAMACEC,1975-01-01,1982-06-23,,1006,51.32528,4.26111
BELGIUM,DOEL-4,Operational,PWR  ,WH 3LP,EBL+EDF,ACECOWEN,1978-12-01,1985-04-08,,1038,51.32528,4.26111
BELGIUM,TIHANGE-1,Operational,PWR  ,Framatome 3 loo,EBL,ACLF,1970-06-01,1975-03-07,,962,50.53278,5.27556
BELGIUM,TIHANGE-2,Operational,PWR  ,WH 3LP,EBL,FRAMACEC,1976-04-01,1982-10-13,,1008,50.53278,5.27556
BELGIUM,TIHANGE-3,Operational,PWR  ,WH 3LP,EBL,ACECOWEN,1978-11-01,1985-06-15,,1038,50.53278,5.27556
BRAZIL,ANGRA-1,Operational,PWR  ,WH 2LP,ELETRONU,WH,1971-05-01,1982-04-01,,609,-23.00833333,-44.45833333
BRAZIL,ANGRA-2,Operational,PWR  ,PRE KONVOI,ELETRONU,KWU,1976-01-01,2000-07-21,,1275,-23.00833333,-44.45833333
BRAZIL,ANGRA-3,Under Construction,PWR  ,PRE KONVOI,ELETRONU,KWU,2010-06-01,2026-08-13,,1340,-23.00833333,-44.45833333
BULGARIA,KOZLODUY-1,Permanent Shutdown,PWR  ,VVER V-230,KOZNPP,AEE,1970-04-01,1974-07-24,2002-12-31,408,43.74613889,23.77050556
BULGARIA,KOZLODUY-2,Permanent Shutdown,PWR  ,VVER V-230,KOZNPP,AEE,1970-04-01,1975-08-24,2002-12-31,408,43.74613889,23.77050556
BULGARIA,KOZLODUY-3,Permanent Shutdown,PWR  ,VVER V-230,KOZNPP,AEE,1973-10-01,1980-12-17,2006-12-31,408,43.74613889,23.77050556
BULGARIA,KOZLODUY-4,Permanent Shutdown,PWR  ,VVER V-230,KOZNPP,AEE,1973-10-01,1982-05-17,2006-12-31,408,43.74613889,23.77050556
BULGARIA,KOZLODUY-5,Operational,PWR  ,VVER V-320,KOZNPP,AEE,1980-07-09,1987-11-29,,1003,43.74613889,23.77050556
BULGARIA,KOZLODUY-6,Operational,PWR  ,VVER V-320,KOZNPP,AEE,1982-04-01,1991-08-02,,1003,43.74613889,23.77050556
CANADA,BRUCE-1,Operational,PHWR ,CANDU 791,BRUCEPOW,OH/AECL,1971-06-01,1977-01-14,,760,44.3253,-81.5994
CANADA,BRUCE-2,Operational,PHWR ,CANDU 791,BRUCEPOW,OH/AECL,1970-12-01,1976-09-04,,760,44.3253,-81.5994
CANADA,BRUCE-3,Operational,PHWR ,CANDU 750A,BRUCEPOW,OH/AECL,1972-07-01,1977-12-12,,750,44.3253,-81.5994
CANADA,BRUCE-4,Operational,PHWR ,CANDU 750A,BRUCEPOW,OH/AECL,1972-09-01,1978-12-21,,750,44.3253,-81.5994
CANADA,BRUCE-5,Operational,PHWR ,CANDU 750B,BRUCEPOW,OH/AECL,1978-06-01,1984-12-02,,817,44.3253,-81.5994
CANADA,BRUCE-6,Operational,PHWR ,CANDU 750B,BRUCEPOW,OH/AECL,1978-01-01,1984-06-26,,817,44.3253,-81.5994
CANADA,BRUCE-7,Operational,PHWR ,CANDU 750B,BRUCEPOW,OH/AECL,1979-05-01,1986-02-22,,817,44.3253,-81.5994
CANADA,BRUCE-8,Operational,PHWR ,CANDU 750B,BRUCEPOW,OH/AECL,1979-08-01,1987-03-09,,817,44.3253,-81.5994
CANADA,DARLINGTON-1,Operational,PHWR ,CANDU 850,OPG,OH/AECL,1982-04-01,1990-12-19,,878,43.8728,-78.7197
CANADA,DARLINGTON-2,Operational,PHWR ,CANDU 850,OPG,OH/AECL,1981-09-01,1990-01-15,,878,43.8728,-78.7197
CANADA,DARLINGTON-3,Operational,PHWR ,CANDU 850,OPG,OH/AECL,1984-09-01,1992-12-07,,878,43.8728,-78.7197
CANADA,DARLINGTON-4,Operational,PHWR ,CANDU 850,OPG,OH/AECL,1985-07-01,1993-04-17,,878,43.8728,-78.7197
CANADA,DOUGLAS POINT,Permanent Shutdown,PHWR ,CANDU 200,OH,AECL,1960-02-01,1967-01-07,1984-05-04,206,44.3333,-81.6
CANADA,GENTILLY-1,Permanent Shutdown,HWLWR,HW BLWR 250,HQ,AECL,1966-09-01,1971-04-05,1977-06-01,250,46.3958,-72.3569
CANADA,GENTILLY-2,Permanent Shutdown,PHWR ,CANDU 6,HQ,AECL,1974-04-01,1982-12-04,2012-12-28,635,46.3958,-72.3569
CANADA,PICKERING-1,Operational,PHWR ,CANDU 500A,OPG,OH/AECL,1966-06-01,1971-04-04,,515,43.8117,-79.0658
CANADA,PICKERING-2,Permanent Shutdown,PHWR ,CANDU 500A,OPG,OH/AECL,1966-09-01,1971-10-06,2007-05-28,515,43.8117,-79.0658
CANADA,PICKERING-3,Permanent Shutdown,PHWR ,CANDU 500A,OPG,OH/AECL,1967-12-01,1972-05-03,2008-10-31,515,43.8117,-79.0658
CANADA,PICKERING-4,Operational,PHWR ,CANDU 500A,OPG,OH/AECL,1968-05-01,1973-05-21,,515,43.8117,-79.0658
CANADA,PICKERING-5,Operational,PHWR ,CANDU 500B,OPG,OH/AECL,1974-11-01,1982-12-19,,516,43.8117,-79.0658
CANADA,PICKERING-6,Operational,PHWR ,CANDU 500B,OPG,OH/AECL,1975-10-01,1983-11-08,,516,43.8117,-79.0658
CANADA,PICKERING-7,Operational,PHWR ,CANDU 500B,OPG,OH/AECL,1976-03-01,1984-11-17,,516,43.8117,-79.0658
CANADA,PICKERING-8,Operational,PHWR ,CANDU 500B,OPG,OH/AECL,1976-09-01,1986-01-21,,516,43.8117,-79.0658
CANADA,POINT LEPREAU,Operational,PHWR ,CANDU 6,NBEPC,AECL,1975-05-01,1982-09-11,,660,45.06944444,-66.45555556
CANADA,ROLPHTON NPD,Permanent Shutdown,PHWR ,CANDU,OH,CGE,1958-01-01,1962-06-04,1987-08-01,22,,
CHINA,CEFR,Operational,FBR  ,BN-20,CIAE,IZ,2000-05-10,2011-07-21,,20,,
CHINA,CHANGJIANG-1,Operational,PWR  ,CNP-600,HNPC,DEC,2010-04-25,2015-11-07,,601,19.459916,108.898838
CHINA,CHANGJIANG-2,Operational,PWR  ,CNP-600,HNPC,DEC,2010-11-21,2016-06-20,,601,19.459916,108.898838
CHINA,DAYA BAY-1,Operational,PWR  ,M310,DNMC,FRAM,1987-08-07,1993-08-31,,944,22.59726389,114.54323056
CHINA,DAYA BAY-2,Operational,PWR  ,M310,DNMC,FRAM,1988-04-07,1994-02-07,,944,22.59726389,114.54323056
CHINA,FANGCHENGGANG-1,Operational,PWR  ,CPR-1000,GFNPC,DEC,2010-07-30,2015-10-25,,1000,21.66666667,108.56666667
CHINA,FANGCHENGGANG-2,Operational,PWR  ,CPR-1000,GFNPC,DEC,2010-12-23,2016-07-15,,1000,21.66666667,108.56666667
CHINA,FANGCHENGGANG-3,Under Construction,PWR  ,HPR1000,GFNPC,CFHI,2015-12-24,,,1000,21.66666667,108.56666667
CHINA,FANGCHENGGANG-4,Under Construction,PWR  ,HPR1000,GFNPC,CFHI,2016-12-23,,,1000,21.66666667,108.56666667
CHINA,FANGJIASHAN-1,Operational,PWR  ,CPR-1000,QNPC,NPIC,2008-12-26,2014-11-04,,1012,,
CHINA,FANGJIASHAN-2,Operational,PWR  ,CPR-1000,QNPC,NPIC,2009-07-17,2015-01-12,,1012,,
CHINA,FUQING-1,Operational,PWR  ,CNP-1000,FQNP,NPIC,2008-11-21,2014-08-20,,1000,25.44583333,119.44722222
CHINA,FUQING-2,Operational,PWR  ,CNP-1000,FQNP,NPIC,2009-06-17,2015-08-06,,1000,25.44583333,119.44722222
CHINA,FUQING-3,Operational,PWR  ,CNP-1000,FQNP,NPIC,2010-12-31,2016-09-07,,1000,25.44583333,119.44722222
CHINA,FUQING-4,Operational,PWR  ,CNP-1000,FQNP,NPIC,2012-11-17,2017-07-29,,1000,25.44583333,119.44722222
CHINA,FUQING-5,Operational,PWR  ,HPR1000,FQNP,NPIC,2015-05-07,2020-11-27,,1000,25.44583333,119.44722222
CHINA,FUQING-6,Under Construction,PWR  ,HPR1000,FQNP,NPIC,2015-12-22,,,1000,25.44583333,119.44722222
CHINA,HAIYANG-1,Operational,PWR  ,AP-1000,SDNPC,WH,2009-09-24,2018-08-17,,1170,,
CHINA,HAIYANG-2,Operational,PWR  ,AP-1000,SDNPC,WH,2010-06-20,2018-10-13,,1170,,
CHINA,HONGYANHE-1,Operational,PWR  ,CPR-1000,LHNPC,DEC,2007-08-18,2013-02-17,,1061,39.80194444,121.475
CHINA,HONGYANHE-2,Operational,PWR  ,CPR-1000,LHNPC,DEC,2008-03-28,2013-11-23,,1061,39.80194444,121.475
CHINA,HONGYANHE-3,Operational,PWR  ,CPR-1000,LHNPC,DEC,2009-03-07,2015-03-23,,1061,39.80194444,121.475
CHINA,HONGYANHE-4,Operational,PWR  ,CPR-1000,LHNPC,DEC,2009-08-15,2016-04-01,,1061,39.80194444,121.475
CHINA,HONGYANHE-5,Under Construction,PWR  ,ACPR-1000,LHNPC,DEC,2015-03-29,,,1061,39.80194444,121.475
CHINA,HONGYANHE-6,Under Construction,PWR  ,ACPR-1000,LHNPC,DEC,2015-07-24,,,1061,39.80194444,121.475
CHINA,LING AO-1,Operational,PWR  ,M310,DNMC,FRAM,1997-05-15,2002-02-26,,950,22.60478889,114.55148889
CHINA,LING AO-2,Operational,PWR  ,M310,DNMC,FRAM,1997-11-28,2002-09-14,,950,22.60478889,114.55148889
CHINA,LING AO-3,Operational,PWR  ,CPR-1000,DNMC,DEC,2005-12-15,2010-07-15,,1007,22.60478889,114.55148889
CHINA,LING AO-4,Operational,PWR  ,CPR-1000,DNMC,DEC,2006-06-15,2011-05-03,,1007,22.60478889,114.55148889
CHINA,NINGDE-1,Operational,PWR  ,CPR-1000,NDNP,DEC,2008-02-18,2012-12-28,,1018,27.045,120.28333333
CHINA,NINGDE-2,Operational,PWR  ,CPR-1000,NDNP,SHE,2008-11-12,2014-01-04,,1018,27.045,120.28333333
CHINA,NINGDE-3,Operational,PWR  ,CPR-1000,NDNP,CFHI,2010-01-08,2015-03-21,,1018,27.045,120.28333333
CHINA,NINGDE-4,Operational,PWR  ,CPR-1000,NDNP,CFHI,2010-09-29,2016-03-29,,1018,27.045,120.28333333
CHINA,QINSHAN 2-1,Operational,PWR  ,CNP-600,NPQJVC,CNNC,1996-06-02,2002-02-06,,610,30.43598333,120.9581
CHINA,QINSHAN 2-2,Operational,PWR  ,CNP-600,NPQJVC,CNNC,1997-04-01,2004-03-11,,610,30.43598333,120.9581
CHINA,QINSHAN 2-3,Operational,PWR  ,CNP-600,NPQJVC,CNNC,2006-04-28,2010-08-01,,619,30.43598333,120.9581
CHINA,QINSHAN 2-4,Operational,PWR  ,CNP-600,NPQJVC,CNNC,2007-01-28,2011-11-25,,619,30.43598333,120.9581
CHINA,QINSHAN 3-1,Operational,PHWR ,CANDU 6,TQNPC,AECL,1998-06-08,2002-11-19,,677,30.43598333,120.9581
CHINA,QINSHAN 3-2,Operational,PHWR ,CANDU 6,TQNPC,AECL,1998-09-25,2003-06-12,,677,30.43598333,120.9581
CHINA,QINSHAN-1,Operational,PWR  ,CNP-300,CNNO,CNNC,1985-03-20,1991-12-15,,298,25.29147459,121.56767324
CHINA,SANMEN-1,Operational,PWR  ,AP-1000,SMNPC,WH/MHI,2009-04-19,2018-06-30,,1157,,
CHINA,SANMEN-2,Operational,PWR  ,AP-1000,SMNPC,WH/MHI,2009-12-15,2018-08-24,,1157,,
CHINA,SHIDAO BAY-1,Under Construction,HTGR ,HTR-PM,HSNPC,TSINGHUA,2012-12-09,,,200,,
CHINA,TAIPINGLING-1,Under Construction,PWR  ,HPR1000,HZNP,DEC,2019-12-26,,,1116,,
CHINA,TAIPINGLING-2,Under Construction,PWR  ,HPR1000,HZNP,CFHI,2020-10-15,,,1116,,
CHINA,TAISHAN-1,Operational,PWR  ,EPR-1750,TNPJVC,AREVA,2009-11-18,2018-06-29,,1660,21.918,112.982
CHINA,TAISHAN-2,Operational,PWR  ,EPR-1750,TNPJVC,AREVA,2010-04-15,2019-06-23,,1660,21.918,112.982
CHINA,TIANWAN-1,Operational,PWR  ,VVER V-428,JNPC,IZ,1999-10-20,2006-05-12,,990,34.686944444,119.459722222
CHINA,TIANWAN-2,Operational,PWR  ,VVER V-428,JNPC,IZ,2000-09-20,2007-05-14,,990,34.686944444,119.459722222
CHINA,TIANWAN-3,Operational,PWR  ,VVER V-428M,JNPC,IZ,2012-12-27,2017-12-30,,1045,34.686944444,119.459722222
CHINA,TIANWAN-4,Operational,PWR  ,VVER V-428M,JNPC,IZ,2013-09-27,2018-10-27,,1045,34.686944444,119.459722222
CHINA,TIANWAN-5,Operational,PWR  ,CNP-1000,JNPC,SHE,2015-12-27,2020-08-08,,1000,34.686944444,119.459722222
CHINA,TIANWAN-6,Under Construction,PWR  ,CNP-1000,JNPC,CFHI,2016-09-07,,,1000,34.686944444,119.459722222
CHINA,YANGJIANG-1,Operational,PWR  ,CPR-1000,YJNPC,CFHI,2008-12-16,2013-12-31,,1000,19.459916,108.898838
CHINA,YANGJIANG-2,Operational,PWR  ,CPR-1000,YJNPC,CFHI,2009-06-04,2015-03-10,,1000,19.459916,108.898838
CHINA,YANGJIANG-3,Operational,PWR  ,CPR-1000,YJNPC,CFHI,2010-11-15,2015-10-18,,1000,19.459916,108.898838
CHINA,YANGJIANG-4,Operational,PWR  ,CPR-1000,YJNPC,CFHI,2012-11-17,2017-01-08,,1000,19.459916,108.898838
CHINA,YANGJIANG-5,Operational,PWR  ,ACPR-1000,YJNPC,CFHI,2013-09-18,2018-05-23,,1000,19.459916,108.898838
CHINA,YANGJIANG-6,Operational,PWR  ,ACPR-1000,YJNPC,CFHI,2013-12-23,2019-06-29,,1000,19.459916,108.898838
CHINA,ZHANGZHOU-1,Under Construction,PWR  ,HPR1000,ZGZEC,CFHI,2019-10-16,,,1126,,
CHINA,ZHANGZHOU-2,Under Construction,PWR  ,HPR-1000,ZGZEC,CFHI,2020-09-04,,,1126,,
CZECH REPUBLIC,DUKOVANY-1,Operational,PWR  ,VVER V-213,CEZ,SKODA,1979-01-01,1985-02-24,,468,49.08509444,16.14899167
CZECH REPUBLIC,DUKOVANY-2,Operational,PWR  ,VVER V-213,CEZ,SKODA,1979-01-01,1986-01-30,,471,49.08509444,16.14899167
CZECH REPUBLIC,DUKOVANY-3,Operational,PWR  ,VVER V-213,CEZ,SKODA,1979-03-01,1986-11-14,,468,49.08509444,16.14899167
CZECH REPUBLIC,DUKOVANY-4,Operational,PWR  ,VVER V-213,CEZ,SKODA,1979-03-01,1987-06-11,,471,49.08509444,16.14899167
CZECH REPUBLIC,TEMELIN-1,Operational,PWR  ,VVER V-320,CEZ,SKODA,1987-02-01,2000-12-21,,1027,49.18194444,14.38138889
CZECH REPUBLIC,TEMELIN-2,Operational,PWR  ,VVER V-320,CEZ,SKODA,1987-02-01,2002-12-29,,1027,49.18194444,14.38138889
FINLAND,LOVIISA-1,Operational,PWR  ,VVER V-213,FORTUMPH,AEE,1971-05-01,1977-02-08,,507,60.37222223,26.34722223
FINLAND,LOVIISA-2,Operational,PWR  ,VVER V-213,FORTUMPH,AEE,1972-08-01,1980-11-04,,507,60.37222223,26.34722223
FINLAND,OLKILUOTO-1,Operational,BWR  ,"AA-III, BWR-250",TVO,ASEASTAL,1974-02-01,1978-09-02,,890,61.23666667,21.44222222
FINLAND,OLKILUOTO-2,Operational,BWR  ,"AA-III, BWR-250",TVO,ASEASTAL,1975-11-01,1980-02-18,,890,61.23666667,21.44222222
FINLAND,OLKILUOTO-3,Under Construction,PWR  ,EPR,TVO,AREVA,2005-08-12,,,1600,61.23666667,21.44222222
FRANCE,BELLEVILLE-1,Operational,PWR  ,P4 REP 1300,EDF,FRAM,1980-05-01,1987-10-14,,1310,47.509722,2.875
FRANCE,BELLEVILLE-2,Operational,PWR  ,P4 REP 1300,EDF,FRAM,1980-08-01,1988-07-06,,1310,47.509722,2.875
FRANCE,BLAYAIS-1,Operational,PWR  ,CP1,EDF,FRAM,1977-01-01,1981-06-12,,910,45.25611111,-0.69166667
FRANCE,BLAYAIS-2,Operational,PWR  ,CP1,EDF,FRAM,1977-01-01,1982-07-17,,910,45.25611111,-0.69166667
FRANCE,BLAYAIS-3,Operational,PWR  ,CP1,EDF,FRAM,1978-04-01,1983-08-17,,910,45.25611111,-0.69166667
FRANCE,BLAYAIS-4,Operational,PWR  ,CP1,EDF,FRAM,1978-04-01,1983-05-16,,910,45.25611111,-0.69166667
FRANCE,BUGEY-1,Permanent Shutdown,GCR  ,UNGG,EDF,FRAM,1965-12-01,1972-04-15,1994-05-27,540,45.79722222,5.27
FRANCE,BUGEY-2,Operational,PWR  ,CP0,EDF,FRAM,1972-11-01,1978-05-10,,910,45.79722222,5.27
FRANCE,BUGEY-3,Operational,PWR  ,CP0,EDF,FRAM,1973-09-01,1978-09-21,,910,45.79722222,5.27
FRANCE,BUGEY-4,Operational,PWR  ,CP0,EDF,FRAM,1974-06-01,1979-03-08,,880,45.79722222,5.27
FRANCE,BUGEY-5,Operational,PWR  ,CP0,EDF,FRAM,1974-07-01,1979-07-31,,880,45.79722222,5.27
FRANCE,CATTENOM-1,Operational,PWR  ,P4 REP 1300,EDF,FRAM,1979-10-29,1986-11-13,,1300,49.415833,6.218056
FRANCE,CATTENOM-2,Operational,PWR  ,P4 REP 1300,EDF,FRAM,1980-07-28,1987-09-17,,1300,49.415833,6.218056
FRANCE,CATTENOM-3,Operational,PWR  ,P4 REP 1300,EDF,FRAM,1982-06-15,1990-07-06,,1300,49.415833,6.218056
FRANCE,CATTENOM-4,Operational,PWR  ,P4 REP 1300,EDF,FRAM,1983-09-28,1991-05-27,,1300,49.415833,6.218056
FRANCE,CHINON A-1,Permanent Shutdown,GCR  ,UNGG,EDF,LEVIVIER,1957-02-01,1963-06-14,1973-04-16,70,47.23055556,0.17055556
FRANCE,CHINON A-2,Permanent Shutdown,GCR  ,UNGG,EDF,LEVIVIER,1959-08-01,1965-02-24,1985-06-14,180,47.23055556,0.17055556
FRANCE,CHINON A-3,Permanent Shutdown,GCR  ,UNGG,EDF,GTM,1961-03-01,1966-08-04,1990-06-15,360,47.23055556,0.17055556
FRANCE,CHINON B-1,Operational,PWR  ,CP2,EDF,FRAM,1977-03-01,1982-11-30,,905,47.23055556,0.17055556
FRANCE,CHINON B-2,Operational,PWR  ,CP2,EDF,FRAM,1977-03-01,1983-11-29,,905,47.23055556,0.17055556
FRANCE,CHINON B-3,Operational,PWR  ,CP2,EDF,FRAM,1980-10-01,1986-10-20,,905,47.23055556,0.17055556
FRANCE,CHINON B-4,Operational,PWR  ,CP2,EDF,FRAM,1981-02-01,1987-11-14,,905,47.23055556,0.17055556
FRANCE,CHOOZ B-1,Operational,PWR  ,N4 REP 1450,EDF,FRAM,1984-01-01,1996-08-30,,1500,50.09,4.790556
FRANCE,CHOOZ B-2,Operational,PWR  ,N4 REP 1450,EDF,FRAM,1985-12-31,1997-04-10,,1500,50.09,4.790556
FRANCE,CHOOZ-A (ARDENNES),Permanent Shutdown,PWR  ,CHOOZ-A,SENA,A/F/W,1962-01-01,1967-04-03,1991-10-30,305,,
FRANCE,CIVAUX-1,Operational,PWR  ,N4 REP 1450,EDF,FRAM,1988-10-15,1997-12-24,,1495,46.45611111,0.65416667
FRANCE,CIVAUX-2,Operational,PWR  ,N4 REP 1450,EDF,FRAM,1991-04-01,1999-12-24,,1495,46.45611111,0.65416667
FRANCE,CRUAS-1,Operational,PWR  ,CP2,EDF,FRAM,1978-08-01,1983-04-29,,915,44.63388889,4.75388889
FRANCE,CRUAS-2,Operational,PWR  ,CP2,EDF,FRAM,1978-11-15,1984-09-06,,915,44.63388889,4.75388889
FRANCE,CRUAS-3,Operational,PWR  ,CP2,EDF,FRAM,1979-04-15,1984-05-14,,915,44.63388889,4.75388889
FRANCE,CRUAS-4,Operational,PWR  ,CP2,EDF,FRAM,1979-10-01,1984-10-27,,915,44.63388889,4.75388889
FRANCE,DAMPIERRE-1,Operational,PWR  ,CP1,EDF,FRAM,1975-02-01,1980-03-23,,890,47.73361111,2.5175
FRANCE,DAMPIERRE-2,Operational,PWR  ,CP1,EDF,FRAM,1975-04-01,1980-12-10,,890,47.73361111,2.5175
FRANCE,DAMPIERRE-3,Operational,PWR  ,CP1,EDF,FRAM,1975-09-01,1981-01-30,,890,47.73361111,2.5175
FRANCE,DAMPIERRE-4,Operational,PWR  ,CP1,EDF,FRAM,1975-12-01,1981-08-18,,890,47.73361111,2.5175
FRANCE,EL-4 (MONTS D'ARREE),Permanent Shutdown,HWGCR,MONTS-D'ARREE,EDF,GAAA,1962-07-01,1967-07-09,1985-07-31,70,,
FRANCE,FESSENHEIM-1,Permanent Shutdown,PWR  ,CP0,EDF,FRAM,1971-09-01,1977-04-06,2020-02-22,880,47.90361111,7.5625
FRANCE,FESSENHEIM-2,Permanent Shutdown,PWR  ,CP0,EDF,FRAM,1972-02-01,1977-10-07,2020-06-30,880,47.90361111,7.5625
FRANCE,FLAMANVILLE-1,Operational,PWR  ,P4 REP 1300,EDF,FRAM,1979-12-01,1985-12-04,,1330,49.53722222,-1.8825
FRANCE,FLAMANVILLE-2,Operational,PWR  ,P4 REP 1300,EDF,FRAM,1980-05-01,1986-07-18,,1330,49.53722222,-1.8825
FRANCE,FLAMANVILLE-3,Under Construction,PWR  ,EPR,EDF,AREVA,2007-12-03,,,1630,49.53722222,-1.8825
FRANCE,G-2 (MARCOULE),Permanent Shutdown,GCR  ,,COGEMA,SACM,1955-03-01,1959-04-22,1980-02-02,39,,
FRANCE,G-3 (MARCOULE),Permanent Shutdown,GCR  ,,COGEMA,SACM,1956-03-01,1960-04-04,1984-06-20,40,,
FRANCE,GOLFECH-1,Operational,PWR  ,P4 REP 1300,EDF,FRAM,1982-11-17,1990-06-07,,1310,44.11111111,0.84027778
FRANCE,GOLFECH-2,Operational,PWR  ,P4 REP 1300,EDF,FRAM,1984-10-01,1993-06-18,,1310,44.11111111,0.84027778
FRANCE,GRAVELINES-1,Operational,PWR  ,CP1,EDF,FRAM,1975-02-01,1980-03-13,,910,51.01361111,2.13611111
FRANCE,GRAVELINES-2,Operational,PWR  ,CP1,EDF,FRAM,1975-03-01,1980-08-26,,910,51.01361111,2.13611111
FRANCE,GRAVELINES-3,Operational,PWR  ,CP1,EDF,FRAM,1975-12-01,1980-12-12,,910,51.01361111,2.13611111
FRANCE,GRAVELINES-4,Operational,PWR  ,CP1,EDF,FRAM,1976-04-01,1981-06-14,,910,51.01361111,2.13611111
FRANCE,GRAVELINES-5,Operational,PWR  ,CP1,EDF,FRAM,1979-10-01,1984-08-28,,910,51.01361111,2.13611111
FRANCE,GRAVELINES-6,Operational,PWR  ,CP1,EDF,FRAM,1979-10-01,1985-08-01,,910,51.01361111,2.13611111
FRANCE,NOGENT-1,Operational,PWR  ,P4 REP 1300,EDF,FRAM,1981-05-26,1987-10-21,,1310,48.51611111,3.51777778
FRANCE,NOGENT-2,Operational,PWR  ,P4 REP 1300,EDF,FRAM,1982-01-01,1988-12-14,,1310,48.51611111,3.51777778
FRANCE,PALUEL-1,Operational,PWR  ,P4 REP 1300,EDF,FRAM,1977-08-15,1984-06-22,,1330,49.85805556,0.63555556
FRANCE,PALUEL-2,Operational,PWR  ,P4 REP 1300,EDF,FRAM,1978-01-01,1984-09-14,,1330,49.85805556,0.63555556
FRANCE,PALUEL-3,Operational,PWR  ,P4 REP 1300,EDF,FRAM,1979-02-01,1985-09-30,,1330,49.85805556,0.63555556
FRANCE,PALUEL-4,Operational,PWR  ,P4 REP 1300,EDF,FRAM,1980-02-01,1986-04-11,,1330,49.85805556,0.63555556
FRANCE,PENLY-1,Operational,PWR  ,P4 REP 1300,EDF,FRAM,1982-09-01,1990-05-04,,1330,49.97666667,1.21194444
FRANCE,PENLY-2,Operational,PWR  ,P4 REP 1300,EDF,FRAM,1984-08-01,1992-02-04,,1330,49.97666667,1.21194444
FRANCE,PHENIX,Permanent Shutdown,FBR  ,PH-250,CEA/EDF,CNCLNEY,1968-11-01,1973-12-13,2010-02-01,130,44.14333333,4.71166667
FRANCE,ST. ALBAN-1,Operational,PWR  ,P4 REP 1300,EDF,FRAM,1979-01-29,1985-08-30,,1335,45.40472222,4.75583333
FRANCE,ST. ALBAN-2,Operational,PWR  ,P4 REP 1300,EDF,FRAM,1979-07-31,1986-07-03,,1335,45.40472222,4.75583333
FRANCE,ST. LAURENT A-1,Permanent Shutdown,GCR  ,UNGG,EDF,FRAM,1963-10-01,1969-03-14,1990-04-18,390,47.72055556,1.57861111
FRANCE,ST. LAURENT A-2,Permanent Shutdown,GCR  ,UNGG,EDF,FRAM,1966-01-01,1971-08-09,1992-05-27,465,47.72055556,1.57861111
FRANCE,ST. LAURENT B-1,Operational,PWR  ,CP2,EDF,FRAM,1976-05-01,1981-01-21,,915,47.72055556,1.57861111
FRANCE,ST. LAURENT B-2,Operational,PWR  ,CP2,EDF,FRAM,1976-07-01,1981-06-01,,915,47.72055556,1.57861111
FRANCE,SUPER-PHENIX,Permanent Shutdown,FBR  ,Na-1200,EDF,ASPALDO,1976-12-13,1986-01-14,1998-12-31,1200,45.75833333,5.47222222
FRANCE,TRICASTIN-1,Operational,PWR  ,CP1,EDF,FRAM,1974-11-01,1980-05-31,,915,44.32639,4.72694
FRANCE,TRICASTIN-2,Operational,PWR  ,CP1,EDF,FRAM,1974-12-01,1980-08-07,,915,44.32639,4.72694
FRANCE,TRICASTIN-3,Operational,PWR  ,CP1,EDF,FRAM,1975-04-01,1981-02-10,,915,44.32639,4.72694
FRANCE,TRICASTIN-4,Operational,PWR  ,CP1,EDF,FRAM,1975-05-01,1981-06-12,,915,44.32639,4.72694
GERMANY,AVR JUELICH,Permanent Shutdown,HTGR ,Pebble bed reac,AVR,BBK,1961-08-01,1967-12-17,1988-12-31,13,,
GERMANY,BIBLIS-A,Permanent Shutdown,PWR  ,PWR,RWE,KWU,1970-01-01,1974-08-25,2011-08-06,1167,49.71,8.415277777
GERMANY,BIBLIS-B,Permanent Shutdown,PWR  ,PWR,RWE,KWU,1972-02-01,1976-04-25,2011-08-06,1240,49.71,8.415277777
GERMANY,BROKDORF,Operational,PWR  ,PWR,PElectra,KWU,1976-01-01,1986-10-14,,1410,53.850833333,9.344722222
GERMANY,BRUNSBUETTEL,Permanent Shutdown,BWR  ,BWR-69,KKB,KWU,1970-04-15,1976-07-13,2011-08-06,771,53.8917,9.20167
GERMANY,EMSLAND,Operational,PWR  ,Konvoi,KLE,KWU,1982-08-10,1988-04-19,,1335,52.4742,7.31786
GERMANY,GRAFENRHEINFELD,Permanent Shutdown,PWR  ,PWR,E.ON,KWU,1975-01-01,1981-12-30,2015-06-27,1275,49.9841,10.1847
GERMANY,GREIFSWALD-1,Permanent Shutdown,PWR  ,VVER V-230,EWN,AEE,1970-03-01,1973-12-17,1990-02-14,408,54.14058611,13.66442222
GERMANY,GREIFSWALD-2,Permanent Shutdown,PWR  ,VVER V-230,EWN,AEE,1970-03-01,1974-12-23,1990-02-14,408,54.14058611,13.66442222
GERMANY,GREIFSWALD-3,Permanent Shutdown,PWR  ,VVER V-230,EWN,AEE,1972-04-01,1977-10-24,1990-02-28,408,54.14058611,13.66442222
GERMANY,GREIFSWALD-4,Permanent Shutdown,PWR  ,VVER V-230,EWN,AEE,1972-04-01,1979-09-03,1990-07-22,408,54.14058611,13.66442222
GERMANY,GREIFSWALD-5,Permanent Shutdown,PWR  ,VVER V-213,EWN,AEE,1976-12-01,1989-04-24,1989-11-24,408,54.14058611,13.66442222
GERMANY,GROHNDE,Operational,PWR  ,PWR,PElectra,KWU,1976-06-01,1984-09-05,,1360,52.0353,9.41333
GERMANY,GUNDREMMINGEN-A,Permanent Shutdown,BWR  ,,KGB,"AEG,GE",1962-12-12,1966-12-01,1977-01-13,237,48.5147,10.4022
GERMANY,GUNDREMMINGEN-B,Permanent Shutdown,BWR  ,BWR-72,KGG,KWU,1976-07-20,1984-03-16,2017-12-31,1284,48.5147,10.4022
GERMANY,GUNDREMMINGEN-C,Operational,BWR  ,BWR-72,KGG,KWU,1976-07-20,1984-11-02,,1288,48.5147,10.4022
GERMANY,HDR GROSSWELZHEIM,Permanent Shutdown,BWR  ,Superheated ste,HDR,"AEG,KWU",1965-01-01,1969-10-14,1971-04-20,25,50.05814167,8.98713056
GERMANY,ISAR-1,Permanent Shutdown,BWR  ,BWR-69,E.ON,KWU,1972-05-01,1977-12-03,2011-08-06,878,48.6056,12.2931
GERMANY,ISAR-2,Operational,PWR  ,Konvoi,PElectra,KWU,1982-09-15,1988-01-22,,1410,48.6056,12.2931
GERMANY,KNK II,Permanent Shutdown,FBR  ,Prototype,KBG,IA,1974-09-01,1978-04-09,1991-08-23,17,,
GERMANY,KRUEMMEL,Permanent Shutdown,BWR  ,BWR-69,KKK,KWU,1974-04-05,1983-09-28,2011-08-06,1346,53.41,10.4089
GERMANY,LINGEN,Permanent Shutdown,BWR  ,BWR with fossil,KWL,AEG,1964-10-01,1968-07-01,1977-01-05,183,52.4828,7.3069
GERMANY,MUELHEIM-KAERLICH,Permanent Shutdown,PWR  ,PWR,KGG,BBR,1975-01-15,1986-03-14,1988-09-09,1219,50.4078,7.48972
GERMANY,MZFR,Permanent Shutdown,PHWR ,-,KBG,SIEMENS,1961-12-01,1966-03-09,1984-05-03,52,,
GERMANY,NECKARWESTHEIM-1,Permanent Shutdown,PWR  ,PWR,EnKK,KWU,1972-02-01,1976-06-03,2011-08-06,785,49.0411,9.175
GERMANY,NECKARWESTHEIM-2,Operational,PWR  ,Konvoi,EnKK,KWU,1982-11-09,1989-01-03,,1310,49.0411,9.175
GERMANY,NIEDERAICHBACH,Permanent Shutdown,HWGCR,pressure tube r,KKN,"SIEM,KWU",1966-06-01,1973-01-01,1974-07-31,100,,
GERMANY,OBRIGHEIM,Permanent Shutdown,PWR  ,,EnBW,"SIEM,KWU",1965-03-15,1968-10-29,2005-05-11,340,49.3645,9.07627
GERMANY,PHILIPPSBURG-1,Permanent Shutdown,BWR  ,BWR-69,EnKK,KWU,1970-10-01,1979-05-05,2011-08-06,890,49.2527,8.43644
GERMANY,PHILIPPSBURG-2,Permanent Shutdown,PWR  ,PWR,EnKK,KWU,1977-07-07,1984-12-17,2019-12-31,1402,49.2527,8.43644
GERMANY,RHEINSBERG,Permanent Shutdown,PWR  ,VVER-70,EWN,AEE,1960-01-01,1966-05-06,1990-06-01,62,53.147,12.9902
GERMANY,STADE,Permanent Shutdown,PWR  ,,E.ON,KWU,1967-12-01,1972-01-29,2003-11-14,640,53.62,9.53083
GERMANY,THTR-300,Permanent Shutdown,HTGR ,Pebble bed reac,HKG,HRB,1971-05-03,1985-11-16,1988-09-29,296,,
GERMANY,UNTERWESER,Permanent Shutdown,PWR  ,PWR,E.ON,KWU,1972-07-01,1978-09-29,2011-08-06,1345,53.4277,8.4802
GERMANY,VAK KAHL,Permanent Shutdown,BWR  ,BWR,VAK,"GE,AEG",1958-07-01,1961-06-17,1985-11-25,15,,
GERMANY,WUERGASSEN,Permanent Shutdown,BWR  ,,PE,"AEG,KWU",1968-01-26,1971-12-18,1994-08-26,640,51.6392,9.39139
HUNGARY,PAKS-1,Operational,PWR  ,VVER V-213,PAKS Zrt,AEE,1974-08-01,1982-12-28,,479,46.5725,18.85416667
HUNGARY,PAKS-2,Operational,PWR  ,VVER V-213,PAKS Zrt,AEE,1974-08-01,1984-09-06,,477,46.5725,18.85416667
HUNGARY,PAKS-3,Operational,PWR  ,VVER V-213,PAKS Zrt,AEE,1979-10-01,1986-09-28,,473,46.5725,18.85416667
HUNGARY,PAKS-4,Operational,PWR  ,VVER V-213,PAKS Zrt,AEE,1979-10-01,1987-08-16,,473,46.5725,18.85416667
INDIA,KAIGA-1,Operational,PHWR ,Horizontal Pres,NPCIL,NPCIL,1989-09-01,2000-10-12,,202,14.86666667,74.43888889
INDIA,KAIGA-2,Operational,PHWR ,Horizontal Pres,NPCIL,NPCIL,1989-12-01,1999-12-02,,202,14.86666667,74.43888889
INDIA,KAIGA-3,Operational,PHWR ,Horizontal Pres,NPCIL,NPCIL,2002-03-30,2007-04-11,,202,14.86666667,74.43888889
INDIA,KAIGA-4,Operational,PHWR ,Horizontal Pres,NPCIL,NPCIL,2002-05-10,2011-01-19,,202,14.86666667,74.43888889
INDIA,KAKRAPAR-1,Operational,PHWR ,Horizontal Pres,NPCIL,NPCIL,1984-12-01,1992-11-24,,202,21.23861111,73.35
INDIA,KAKRAPAR-2,Operational,PHWR ,Horizontal Pres,NPCIL,NPCIL,1985-04-01,1995-03-04,,202,21.23861111,73.35
INDIA,KAKRAPAR-3,Under Construction,PHWR ,PHWR-700,NPCIL,NPCIL,2010-11-22,,,630,21.23861111,73.35
INDIA,KAKRAPAR-4,Under Construction,PHWR ,PHWR-700,NPCIL,NPCIL,2010-11-22,,,630,21.23861111,73.35
INDIA,KUDANKULAM-1,Operational,PWR  ,VVER V-412,NPCIL,MAEP,2002-03-31,2013-10-22,,932,8.16833333,77.7125
INDIA,KUDANKULAM-2,Operational,PWR  ,VVER V-412,NPCIL,MAEP,2002-07-04,2016-08-29,,932,8.16833333,77.7125
INDIA,KUDANKULAM-3,Under Construction,PWR  ,VVER V-412,NPCIL,JSC ASE,2017-06-29,,,917,8.16833333,77.7125
INDIA,KUDANKULAM-4,Under Construction,PWR  ,VVER V-412,NPCIL,JSC ASE,2017-10-23,,,917,8.16833333,77.7125
INDIA,MADRAS-1,Operational,PHWR ,Horizontal Pres,NPCIL,NPCIL,1971-01-01,1983-07-23,,205,12.55833333,80.175
INDIA,MADRAS-2,Operational,PHWR ,Horizontal Pres,NPCIL,NPCIL,1972-10-01,1985-09-20,,205,12.55833333,80.175
INDIA,NARORA-1,Operational,PHWR ,Horizontal Pres,NPCIL,NPCIL,1976-12-01,1989-07-29,,202,28.15833333,78.40833333
INDIA,NARORA-2,Operational,PHWR ,Horizontal Pres,NPCIL,NPCIL,1977-11-01,1992-01-05,,202,28.15833333,78.40833333
INDIA,PFBR,Under Construction,FBR  ,Prototype,BHAVINI,,2004-10-23,,,470,,
INDIA,RAJASTHAN-1,Operational,PHWR ,Horizontal Pres,NPCIL,AECL,1965-08-01,1972-11-30,,90,24.87222222,75.61388889
INDIA,RAJASTHAN-2,Operational,PHWR ,Horizontal Pres,NPCIL,AECL/DAE,1968-04-01,1980-11-01,,187,24.87222222,75.61388889
INDIA,RAJASTHAN-3,Operational,PHWR ,Horizontal Pres,NPCIL,NPCIL,1990-02-01,2000-03-10,,202,24.87222222,75.61388889
INDIA,RAJASTHAN-4,Operational,PHWR ,Horizontal Pres,NPCIL,NPCIL,1990-10-01,2000-11-17,,202,24.87222222,75.61388889
INDIA,RAJASTHAN-5,Operational,PHWR ,Horizontal Pres,NPCIL,NPCIL,2002-09-18,2009-12-22,,202,24.87222222,75.61388889
INDIA,RAJASTHAN-6,Operational,PHWR ,Horizontal Pres,NPCIL,NPCIL,2003-01-20,2010-03-28,,202,24.87222222,75.61388889
INDIA,RAJASTHAN-7,Under Construction,PHWR ,Horizontal Pres,NPCIL,NPCIL,2011-07-18,,,630,24.87222222,75.61388889
INDIA,RAJASTHAN-8,Under Construction,PHWR ,Horizontal Pres,NPCIL,NPCIL,2011-09-30,,,630,24.87222222,75.61388889
INDIA,TARAPUR-1,Operational,BWR  ,BWR-1 (Mark 2),NPCIL,GE,1964-10-01,1969-04-01,,150,19.82777778,72.66111111
INDIA,TARAPUR-2,Operational,BWR  ,BWR-1 (Mark 2),NPCIL,GE,1964-10-01,1969-05-05,,150,19.82777778,72.66111111
INDIA,TARAPUR-3,Operational,PHWR ,Horizontal Pres,NPCIL,NPCIL,2000-05-12,2006-06-15,,490,19.82777778,72.66111111
INDIA,TARAPUR-4,Operational,PHWR ,Horizontal Pres,NPCIL,NPCIL,2000-03-08,2005-06-04,,490,19.82777778,72.66111111
"IRAN, ISLAMIC REPUBLIC OF",BUSHEHR-1,Operational,PWR  ,VVER V-446,NPPDCO,JSC ASE,1975-05-01,2011-09-03,,915,28.82888889,50.88722222
"IRAN, ISLAMIC REPUBLIC OF",BUSHEHR-2,Under Construction,PWR  ,V-528 VVER-1000,NPPDCO,JSC ASE,2019-09-27,,,974,28.82888889,50.88722222
ITALY,CAORSO,Permanent Shutdown,BWR  ,BWR-4 (Mark 2),SOGIN,AMN/GETS,1970-01-01,1978-05-23,1990-07-01,860,45.07222222,9.87222222
ITALY,ENRICO FERMI,Permanent Shutdown,PWR  ,WH 4LP,SOGIN,EL/WEST,1961-07-01,1964-10-22,1990-07-01,260,41.9628,-83.2575
ITALY,GARIGLIANO,Permanent Shutdown,BWR  ,BWR-1,SOGIN,GE,1959-11-01,1964-01-01,1982-03-01,150,41.25833333,13.83472222
ITALY,LATINA,Permanent Shutdown,GCR  ,MAGNOX,SOGIN,TNPG,1958-11-01,1963-05-12,1987-12-01,153,41.425384,12.807001
JAPAN,FUGEN ATR,Permanent Shutdown,HWLWR,ATR,JAEA,HITACHI,1972-05-10,1978-07-29,2003-03-29,148,,
JAPAN,FUKUSHIMA-DAIICHI-1,Permanent Shutdown,BWR  ,BWR-3,TEPCO,GE/GETSC,1967-07-25,1970-11-17,2011-05-19,439,37.42138889,141.0325
JAPAN,FUKUSHIMA-DAIICHI-2,Permanent Shutdown,BWR  ,BWR-4,TEPCO,GE/T,1969-06-09,1973-12-24,2011-05-19,760,37.42138889,141.0325
JAPAN,FUKUSHIMA-DAIICHI-3,Permanent Shutdown,BWR  ,BWR-4,TEPCO,TOSHIBA,1970-12-28,1974-10-26,2011-05-19,760,37.42138889,141.0325
JAPAN,FUKUSHIMA-DAIICHI-4,Permanent Shutdown,BWR  ,BWR-4,TEPCO,HITACHI,1973-02-12,1978-02-24,2011-05-19,760,37.42138889,141.0325
JAPAN,FUKUSHIMA-DAIICHI-5,Permanent Shutdown,BWR  ,BWR-4,TEPCO,TOSHIBA,1972-05-22,1977-09-22,2013-12-17,760,37.42138889,141.0325
JAPAN,FUKUSHIMA-DAIICHI-6,Permanent Shutdown,BWR  ,BWR-5,TEPCO,GE/T,1973-10-26,1979-05-04,2013-12-17,1067,37.42138889,141.0325
JAPAN,FUKUSHIMA-DAINI-1,Permanent Shutdown,BWR  ,BWR-5,TEPCO,TOSHIBA,1976-03-16,1981-07-31,2019-09-30,1067,37.31944,141.02111
JAPAN,FUKUSHIMA-DAINI-2,Permanent Shutdown,BWR  ,BWR-5,TEPCO,HITACHI,1979-05-25,1983-06-23,2019-09-30,1067,37.31944,141.02111
JAPAN,FUKUSHIMA-DAINI-3,Permanent Shutdown,BWR  ,BWR-5,TEPCO,TOSHIBA,1981-03-23,1984-12-14,2019-09-30,1067,37.31944,141.02111
JAPAN,FUKUSHIMA-DAINI-4,Permanent Shutdown,BWR  ,BWR-5,TEPCO,HITACHI,1981-05-28,1986-12-17,2019-09-30,1067,37.31944,141.02111
JAPAN,GENKAI-1,Permanent Shutdown,PWR  ,M (2-loop),KYUSHU,MHI,1971-09-15,1975-02-14,2015-04-27,529,33.51555556,129.83722222
JAPAN,GENKAI-2,Permanent Shutdown,PWR  ,M (2-loop),KYUSHU,MHI,1977-02-01,1980-06-03,2019-04-09,529,33.51555556,129.83722222
JAPAN,GENKAI-3,Operational,PWR  ,M (4-loop),KYUSHU,MHI,1988-06-01,1993-06-15,,1127,33.51555556,129.83722222
JAPAN,GENKAI-4,Operational,PWR  ,M (4-loop),KYUSHU,MHI,1992-07-15,1996-11-12,,1127,33.51555556,129.83722222
JAPAN,HAMAOKA-1,Permanent Shutdown,BWR  ,BWR-4,CHUBU,TOSHIBA,1971-06-10,1974-08-13,2009-01-30,515,34.62361111,138.1425
JAPAN,HAMAOKA-2,Permanent Shutdown,BWR  ,BWR-4,CHUBU,TOSHIBA,1974-06-14,1978-05-04,2009-01-30,806,34.62361111,138.1425
JAPAN,HAMAOKA-3,Operational,BWR  ,BWR-5,CHUBU,TOSHIBA,1983-04-18,1987-01-20,,1056,34.62361111,138.1425
JAPAN,HAMAOKA-4,Operational,BWR  ,BWR-5,CHUBU,TOSHIBA,1989-10-13,1993-01-27,,1092,34.62361111,138.1425
JAPAN,HAMAOKA-5,Operational,BWR  ,ABWR,CHUBU,TOSHIBA,2000-07-12,2004-04-30,,1325,34.62361111,138.1425
JAPAN,HIGASHI DORI-1 (TOHOKU),Operational,BWR  ,BWR-5,TOHOKU,TOSHIBA,2000-11-07,2005-03-09,,1067,41.18805556,141.39027778
JAPAN,IKATA-1,Permanent Shutdown,PWR  ,M (2-loop),SHIKOKU,MHI,1973-09-01,1977-02-17,2016-05-10,538,33.49083333,132.31111111
JAPAN,IKATA-2,Permanent Shutdown,PWR  ,M (2-loop),SHIKOKU,MHI,1978-08-01,1981-08-19,2018-05-23,538,33.49083333,132.31111111
JAPAN,IKATA-3,Operational,PWR  ,M (3-loop),SHIKOKU,MHI,1990-10-01,1994-03-29,,846,33.49083333,132.31111111
JAPAN,JPDR,Permanent Shutdown,BWR  ,BWR-1,JAEA,GE,1960-12-01,1963-10-26,1976-03-18,12,,
JAPAN,KASHIWAZAKI KARIWA-1,Operational,BWR  ,BWR-5,TEPCO,TOSHIBA,1980-06-05,1985-02-13,,1067,37.42639,138.59444
JAPAN,KASHIWAZAKI KARIWA-2,Operational,BWR  ,BWR-5,TEPCO,TOSHIBA,1985-11-18,1990-02-08,,1067,37.42639,138.59444
JAPAN,KASHIWAZAKI KARIWA-3,Operational,BWR  ,BWR-5,TEPCO,TOSHIBA,1989-03-07,1992-12-08,,1067,37.42639,138.59444
JAPAN,KASHIWAZAKI KARIWA-4,Operational,BWR  ,BWR-5,TEPCO,HITACHI,1990-03-05,1993-12-21,,1067,37.42639,138.59444
JAPAN,KASHIWAZAKI KARIWA-5,Operational,BWR  ,BWR-5,TEPCO,HITACHI,1985-06-20,1989-09-12,,1067,37.42639,138.59444
JAPAN,KASHIWAZAKI KARIWA-6,Operational,BWR  ,ABWR,TEPCO,TOSHIBA,1992-11-03,1996-01-29,,1315,37.42639,138.59444
JAPAN,KASHIWAZAKI KARIWA-7,Operational,BWR  ,ABWR,TEPCO,HITACHI,1993-07-01,1996-12-17,,1315,37.42639,138.59444
JAPAN,MIHAMA-1,Permanent Shutdown,PWR  ,WH 2LP,KEPCO,WH,1967-02-01,1970-08-08,2015-04-27,320,35.70243,135.963415
JAPAN,MIHAMA-2,Permanent Shutdown,PWR  ,M (2-loop),KEPCO,MHI,1968-05-29,1972-04-21,2015-04-27,470,35.70243,135.963415
JAPAN,MIHAMA-3,Operational,PWR  ,M (3-loop),KEPCO,MHI,1972-08-07,1976-02-19,,780,35.70243,135.963415
JAPAN,MONJU,Permanent Shutdown,FBR  ,-,JAEA,T/H/F/M,1986-05-10,1995-08-29,2017-12-05,246,35.74027778,135.98805556
JAPAN,OHI-1,Permanent Shutdown,PWR  ,WH 4LP,KEPCO,WH,1972-10-26,1977-12-23,2018-03-01,1120,35.54055556,135.65194444
JAPAN,OHI-2,Permanent Shutdown,PWR  ,WH 4LP,KEPCO,WH,1972-12-08,1978-10-11,2018-03-01,1120,35.54055556,135.65194444
JAPAN,OHI-3,Operational,PWR  ,M (4-loop),KEPCO,MHI,1987-10-03,1991-06-07,,1127,35.54055556,135.65194444
JAPAN,OHI-4,Operational,PWR  ,M (4-loop),KEPCO,MHI,1988-06-13,1992-06-19,,1127,35.54055556,135.65194444
JAPAN,OHMA,Under Construction,BWR  ,ABWR,EPDC,H/G,2010-05-07,,,1328,,
JAPAN,ONAGAWA-1,Permanent Shutdown,BWR  ,BWR-4,TOHOKU,TOSHIBA,1980-07-08,1983-11-18,2018-12-21,498,38.40111111,141.49972222
JAPAN,ONAGAWA-2,Operational,BWR  ,BWR-5,TOHOKU,TOSHIBA,1991-04-12,1994-12-23,,796,38.40111111,141.49972222
JAPAN,ONAGAWA-3,Operational,BWR  ,BWR-5,TOHOKU,TOSHIBA,1998-01-23,2001-05-30,,796,38.40111111,141.49972222
JAPAN,SENDAI-1,Operational,PWR  ,M (3-loop),KYUSHU,MHI,1979-12-15,1983-09-16,,846,31.83388889,130.18972222
JAPAN,SENDAI-2,Operational,PWR  ,M (3-loop),KYUSHU,MHI,1981-10-12,1985-04-05,,846,31.83388889,130.18972222
JAPAN,SHIKA-1,Operational,BWR  ,BWR-5,HOKURIKU,HITACHI,1989-07-01,1993-01-12,,505,37.06111111,136.72638889
JAPAN,SHIKA-2,Operational,BWR  ,ABWR,HOKURIKU,HITACHI,2001-08-20,2005-07-04,,1108,37.06111111,136.72638889
JAPAN,SHIMANE-1,Permanent Shutdown,BWR  ,BWR-3,CHUGOKU,HITACHI,1970-07-02,1973-12-02,2015-04-30,439,35.53833333,132.99916667
JAPAN,SHIMANE-2,Operational,BWR  ,BWR-5,CHUGOKU,HITACHI,1985-02-02,1988-07-11,,789,35.53833333,132.99916667
JAPAN,SHIMANE-3,Under Construction,BWR  ,ABWR,CHUGOKU,HITACHI,2007-10-12,,,1325,35.53833333,132.99916667
JAPAN,TAKAHAMA-1,Operational,PWR  ,M (3-loop),KEPCO,WH/MHI,1970-04-25,1974-03-27,,780,35.52222222,135.50472222
JAPAN,TAKAHAMA-2,Operational,PWR  ,M (3-loop),KEPCO,MHI,1971-03-09,1975-01-17,,780,35.52222222,135.50472222
JAPAN,TAKAHAMA-3,Operational,PWR  ,M (3-loop),KEPCO,MHI,1980-12-12,1984-05-09,,830,35.52222222,135.50472222
JAPAN,TAKAHAMA-4,Operational,PWR  ,M (3-loop),KEPCO,MHI,1981-03-19,1984-11-01,,830,35.52222222,135.50472222
JAPAN,TOKAI-1,Permanent Shutdown,GCR  ,MAGNOX,JAPCO,GEC,1961-03-01,1965-11-10,1998-03-31,137,36.46638889,140.60666667
JAPAN,TOKAI-2,Operational,BWR  ,BWR-5,JAPCO,GE,1973-10-03,1978-03-13,,1060,36.46638889,140.60666667
JAPAN,TOMARI-1,Operational,PWR  ,M (2-loop),HEPCO,MHI,1985-04-18,1988-12-06,,550,43.03722222,140.51333333
JAPAN,TOMARI-2,Operational,PWR  ,M (2-loop),HEPCO,MHI,1985-06-13,1990-08-27,,550,43.03722222,140.51333333
JAPAN,TOMARI-3,Operational,PWR  ,M (3-loop),HEPCO,MHI,2004-11-18,2009-03-20,,866,43.03722222,140.51333333
JAPAN,TSURUGA-1,Permanent Shutdown,BWR  ,BWR-2,JAPCO,GE,1966-11-24,1969-11-16,2015-04-27,340,35.75222222,136.02083333
JAPAN,TSURUGA-2,Operational,PWR  ,M (4-loop),JAPCO,MHI,1982-11-06,1986-06-19,,1108,35.75222222,136.02083333
KAZAKHSTAN,AKTAU,Permanent Shutdown,FBR  ,BN-350,MAEC-KAZ,MAEC-KAZ,1964-10-01,1973-07-16,1999-04-22,52,,
"KOREA, REPUBLIC OF",HANBIT-1,Operational,PWR  ,WH F,KHNP,WH,1981-06-04,1986-03-05,,995,35.415,126.42388889
"KOREA, REPUBLIC OF",HANBIT-2,Operational,PWR  ,WH F,KHNP,WH,1981-12-01,1986-11-11,,988,35.415,126.42388889
"KOREA, REPUBLIC OF",HANBIT-3,Operational,PWR  ,OPR-1000,KHNP,DHICKAEC,1989-12-23,1994-10-30,,986,35.415,126.42388889
"KOREA, REPUBLIC OF",HANBIT-4,Operational,PWR  ,OPR-1000,KHNP,DHICKAEC,1990-05-26,1995-07-18,,970,35.415,126.42388889
"KOREA, REPUBLIC OF",HANBIT-5,Operational,PWR  ,OPR-1000,KHNP,DHICKOPC,1997-06-29,2001-12-19,,992,35.415,126.42388889
"KOREA, REPUBLIC OF",HANBIT-6,Operational,PWR  ,OPR-1000,KHNP,DHICKOPC,1997-11-20,2002-09-16,,993,35.415,126.42388889
"KOREA, REPUBLIC OF",HANUL-1,Operational,PWR  ,France CPI,KHNP,FRAM,1983-01-26,1988-04-07,,966,37.1,129.38333333
"KOREA, REPUBLIC OF",HANUL-2,Operational,PWR  ,France CPI,KHNP,FRAM,1983-07-05,1989-04-14,,967,37.1,129.38333333
"KOREA, REPUBLIC OF",HANUL-3,Operational,PWR  ,OPR-1000,KHNP,DHICKOPC,1993-07-21,1998-01-06,,997,37.1,129.38333333
"KOREA, REPUBLIC OF",HANUL-4,Operational,PWR  ,OPR-1000,KHNP,DHICKOPC,1993-11-01,1998-12-28,,999,37.1,129.38333333
"KOREA, REPUBLIC OF",HANUL-5,Operational,PWR  ,OPR-1000,KHNP,DHICKOPC,1999-10-01,2003-12-18,,998,37.1,129.38333333
"KOREA, REPUBLIC OF",HANUL-6,Operational,PWR  ,OPR-1000,KHNP,DHICKOPC,2000-09-29,2005-01-07,,997,37.1,129.38333333
"KOREA, REPUBLIC OF",KORI-1,Permanent Shutdown,PWR  ,WH 60,KHNP,WH,1972-08-01,1977-06-26,2017-06-18,576,35.31666667,129.3
"KOREA, REPUBLIC OF",KORI-2,Operational,PWR  ,WH F,KHNP,WH,1977-12-23,1983-04-22,,640,35.31666667,129.3
"KOREA, REPUBLIC OF",KORI-3,Operational,PWR  ,WH F,KHNP,WH,1979-10-01,1985-01-22,,1011,35.31666667,129.3
"KOREA, REPUBLIC OF",KORI-4,Operational,PWR  ,WH F,KHNP,WH,1980-04-01,1985-12-31,,1012,35.31666667,129.3
"KOREA, REPUBLIC OF",SHIN-HANUL-1,Under Construction,PWR  ,APR-1400,KHNP,DHICKOPC,2012-07-10,,,1340,,
"KOREA, REPUBLIC OF",SHIN-HANUL-2,Under Construction,PWR  ,APR-1400,KHNP,DHICKOPC,2013-06-19,,,1340,,
"KOREA, REPUBLIC OF",SHIN-KORI-1,Operational,PWR  ,OPR-1000,KHNP,DHICKOPC,2006-06-16,2010-08-04,,996,35.31666667,129.3
"KOREA, REPUBLIC OF",SHIN-KORI-2,Operational,PWR  ,OPR-1000,KHNP,DHICKOPC,2007-06-05,2012-01-28,,996,35.31666667,129.3
"KOREA, REPUBLIC OF",SHIN-KORI-3,Operational,PWR  ,APR-1400,KHNP,DHICKOPC,2008-10-16,2016-01-15,,1416,35.31666667,129.3
"KOREA, REPUBLIC OF",SHIN-KORI-4,Operational,PWR  ,APR-1400,KHNP,DHICKOPC,2009-08-19,2019-04-22,,1418,35.31666667,129.3
"KOREA, REPUBLIC OF",SHIN-KORI-5,Under Construction,PWR  ,APR-1400,KHNP,DHICKOPC,2017-04-01,,,1340,35.31666667,129.3
"KOREA, REPUBLIC OF",SHIN-KORI-6,Under Construction,PWR  ,APR-1400,KHNP,DHICKOPC,2018-09-20,,,1340,35.31666667,129.3
"KOREA, REPUBLIC OF",SHIN-WOLSONG-1,Operational,PWR  ,OPR-1000,KHNP,DHICKOPC,2007-11-20,2012-01-27,,997,35.71111111,129.475
"KOREA, REPUBLIC OF",SHIN-WOLSONG-2,Operational,PWR  ,OPR-1000,KHNP,DHICKOPC,2008-09-23,2015-02-26,,993,35.71111111,129.475
"KOREA, REPUBLIC OF",WOLSONG-1,Permanent Shutdown,PHWR ,CANDU 6,KHNP,AECL,1977-10-30,1982-12-31,2019-12-24,661,35.71111111,129.475
"KOREA, REPUBLIC OF",WOLSONG-2,Operational,PHWR ,CANDU 6,KHNP,AECL/DHI,1992-09-25,1997-04-01,,606,35.71111111,129.475
"KOREA, REPUBLIC OF",WOLSONG-3,Operational,PHWR ,CANDU 6,KHNP,AECL/DHI,1994-03-17,1998-03-25,,630,35.71111111,129.475
"KOREA, REPUBLIC OF",WOLSONG-4,Operational,PHWR ,CANDU 6,KHNP,AECL/DHI,1994-07-22,1999-05-21,,609,35.71111111,129.475
LITHUANIA,IGNALINA-1,Permanent Shutdown,LWGR ,RBMK-1500,INPP,MAEP,1977-05-01,1983-12-31,2004-12-31,1185,55.604444,26.56
LITHUANIA,IGNALINA-2,Permanent Shutdown,LWGR ,RBMK-1500,INPP,MAEP,1978-01-01,1987-08-20,2009-12-31,1185,55.604444,26.56
MEXICO,LAGUNA VERDE-1,Operational,BWR  ,BWR-5,CFE,GE,1976-10-01,1989-04-13,,777,19.72078333,-96.40634167
MEXICO,LAGUNA VERDE-2,Operational,BWR  ,BWR-5,CFE,GE,1977-06-01,1994-11-11,,775,19.72078333,-96.40634167
NETHERLANDS,BORSSELE,Operational,PWR  ,KWU 2LP,EPZ,S/KWU,1969-07-01,1973-07-04,,482,51.431944,3.716667
NETHERLANDS,DODEWAARD,Permanent Shutdown,BWR  ,GE design,BV GKN,RDM,1965-05-01,1968-10-18,1997-03-26,55,51.899444,5.686111
PAKISTAN,CHASNUPP-1,Operational,PWR  ,CNP-300,PAEC,CNNC,1993-08-01,2000-06-13,,300,,
PAKISTAN,CHASNUPP-2,Operational,PWR  ,CNP-300,PAEC,CNNC,2005-12-28,2011-03-14,,300,,
PAKISTAN,CHASNUPP-3,Operational,PWR  ,CNP-300,PAEC,CNNC,2011-05-28,2016-10-15,,315,,
PAKISTAN,CHASNUPP-4,Operational,PWR  ,CNP-300,PAEC,CNNC,2011-12-18,2017-06-25,,313,,
PAKISTAN,KANUPP-1,Operational,PHWR ,CANDU-137 MW,PAEC,CGE,1966-08-01,1971-10-18,,90,,
PAKISTAN,KANUPP-2,Under Construction,PWR  ,ACP-1000,PAEC,CZEC,2015-08-20,2021-07-31,,1014,,
PAKISTAN,KANUPP-3,Under Construction,PWR  ,ACP-1000,PAEC,CZEC,2016-05-31,,,1014,,
ROMANIA,CERNAVODA-1,Operational,PHWR ,CANDU 6,SNN,AECL,1983-03-31,1996-07-11,,650,44.32234722,28.05728056
ROMANIA,CERNAVODA-2,Operational,PHWR ,CANDU 6,SNN,AECL,1983-07-01,2007-08-07,,650,44.32234722,28.05728056
RUSSIA,AKADEMIK LOMONOSOV-1,Operational,PWR  ,KLT-40S 'Floati,REA,AEM,2007-04-15,2019-12-19,,32,,
RUSSIA,AKADEMIK LOMONOSOV-2,Operational,PWR  ,KLT-40S 'Floati,REA,AEM,2007-04-15,2019-12-19,,32,,
RUSSIA,APS-1 OBNINSK,Permanent Shutdown,LWGR ,AM-1,MSM,MSM,1951-01-01,1954-06-27,2002-04-29,5,,
RUSSIA,BALAKOVO-1,Operational,PWR  ,VVER V-320,REA,AEM,1980-12-01,1985-12-28,,950,52.09444444,47.95833333
RUSSIA,BALAKOVO-2,Operational,PWR  ,VVER V-320,REA,AEM,1981-08-01,1987-10-08,,950,52.09444444,47.95833333
RUSSIA,BALAKOVO-3,Operational,PWR  ,VVER V-320,REA,AEM,1982-11-01,1988-12-25,,950,52.09444444,47.95833333
RUSSIA,BALAKOVO-4,Operational,PWR  ,VVER V-320,REA,AEM,1984-04-01,1993-04-11,,950,52.09444444,47.95833333
RUSSIA,BALTIC-1,Under Construction,PWR  ,VVER V-491,REA,AEM,2012-02-22,,,1109,54.940619,22.166276
RUSSIA,BELOYARSK-1,Permanent Shutdown,LWGR ,AMB-100,REA,MSM,1958-06-01,1964-04-26,1983-01-01,102,56.85,61.31666667
RUSSIA,BELOYARSK-2,Permanent Shutdown,LWGR ,AMB-200,REA,MSM,1962-01-01,1967-12-29,1990-01-01,146,56.85,61.31666667
RUSSIA,BELOYARSK-3,Operational,FBR  ,BN-600,REA,AEM,1969-01-01,1980-04-08,,560,56.85,61.31666667
RUSSIA,BELOYARSK-4,Operational,FBR  ,BN-800,REA,AEM,2006-07-18,2015-12-10,,820,56.85,61.31666667
RUSSIA,BILIBINO-1,Permanent Shutdown,LWGR ,EGP-6,REA,AEM,1970-01-01,1974-01-12,2019-01-14,11,68.05722222,166.455
RUSSIA,BILIBINO-2,Operational,LWGR ,EGP-6,REA,AEM,1970-01-01,1974-12-30,,11,68.05722222,166.455
RUSSIA,BILIBINO-3,Operational,LWGR ,EGP-6,REA,AEM,1970-01-01,1975-12-22,,11,68.05722222,166.455
RUSSIA,BILIBINO-4,Operational,LWGR ,EGP-6,REA,AEM,1970-01-01,1976-12-27,,11,68.05722222,166.455
RUSSIA,KALININ-1,Operational,PWR  ,VVER V-338,REA,AEM,1977-02-01,1984-05-09,,950,57.906944444,35.063055555
RUSSIA,KALININ-2,Operational,PWR  ,VVER V-338,REA,AEM,1982-02-01,1986-12-03,,950,57.906944444,35.063055555
RUSSIA,KALININ-3,Operational,PWR  ,VVER V-320,REA,AEM,1985-10-01,2004-12-16,,950,57.906944444,35.063055555
RUSSIA,KALININ-4,Operational,PWR  ,VVER V-320,REA,AEM,1986-08-01,2011-11-24,,950,57.906944444,35.063055555
RUSSIA,KOLA-1,Operational,PWR  ,VVER V-230,REA,AEM,1970-05-01,1973-06-29,,411,67.46666667,32.46666667
RUSSIA,KOLA-2,Operational,PWR  ,VVER V-230,REA,AEM,1970-05-01,1974-12-09,,411,67.46666667,32.46666667
RUSSIA,KOLA-3,Operational,PWR  ,VVER V-213,REA,AEM,1977-04-01,1981-03-24,,411,67.46666667,32.46666667
RUSSIA,KOLA-4,Operational,PWR  ,VVER V-213,REA,AEM,1976-08-01,1984-10-11,,411,67.46666667,32.46666667
RUSSIA,KURSK 2-1,Under Construction,PWR  ,VVER V-510K,REA,AEM,2018-04-29,2022-06-21,,1175,51.675,35.60555556
RUSSIA,KURSK 2-2,Under Construction,PWR  ,VVER V-510K,REA,AEM,2019-04-15,2023-12-31,,1175,51.675,35.60555556
RUSSIA,KURSK-1,Operational,LWGR ,RBMK-1000,REA,AEM,1972-06-01,1976-12-19,,925,51.675,35.60555556
RUSSIA,KURSK-2,Operational,LWGR ,RBMK-1000,REA,AEM,1973-01-01,1979-01-28,,925,51.675,35.60555556
RUSSIA,KURSK-3,Operational,LWGR ,RBMK-1000,REA,AEM,1978-04-01,1983-10-17,,925,51.675,35.60555556
RUSSIA,KURSK-4,Operational,LWGR ,RBMK-1000,REA,AEM,1981-05-01,1985-12-02,,925,51.675,35.60555556
RUSSIA,LENINGRAD 2-1,Operational,PWR  ,VVER V-491,REA,AEM,2008-10-25,2018-03-09,,1101,59.8521,29.0512
RUSSIA,LENINGRAD 2-2,Operational,PWR  ,VVER V-491,REA,AEM,2010-04-15,2020-10-22,,1066,59.8521,29.0512
RUSSIA,LENINGRAD-1,Permanent Shutdown,LWGR ,RBMK-1000,REA,AEM,1970-03-01,1973-12-21,2018-12-22,925,54.940619,22.166276
RUSSIA,LENINGRAD-2,Permanent Shutdown,LWGR ,RBMK-1000,REA,AEM,1970-06-01,1975-07-11,2020-11-10,925,54.940619,22.166276
RUSSIA,LENINGRAD-3,Operational,LWGR ,RBMK-1000,REA,AEM,1973-12-01,1979-12-07,,925,54.940619,22.166276
RUSSIA,LENINGRAD-4,Operational,LWGR ,RBMK-1000,REA,AEM,1975-02-01,1981-02-09,,925,54.940619,22.166276
RUSSIA,NOVOVORONEZH 2-1,Operational,PWR  ,VVER V-392M,REA,AEM,2008-06-24,2016-08-05,,1100,51.275,39.2
RUSSIA,NOVOVORONEZH 2-2,Operational,PWR  ,VVER V-392M,REA,AEM,2009-07-12,2019-05-01,,1101,51.275,39.2
RUSSIA,NOVOVORONEZH-1,Permanent Shutdown,PWR  ,VVER V-210,REA,MSM,1957-07-01,1964-09-30,1988-02-16,197,51.275,39.2
RUSSIA,NOVOVORONEZH-2,Permanent Shutdown,PWR  ,VVER V-365,REA,MSM,1964-06-01,1969-12-27,1990-08-29,336,51.275,39.2
RUSSIA,NOVOVORONEZH-3,Permanent Shutdown,PWR  ,VVER V-179,REA,AEM,1967-07-01,1971-12-27,2016-12-25,385,51.275,39.2
RUSSIA,NOVOVORONEZH-4,Operational,PWR  ,VVER V-179,REA,AEM,1967-07-01,1972-12-28,,385,51.275,39.2
RUSSIA,NOVOVORONEZH-5,Operational,PWR  ,VVER V-187,REA,AEM,1974-03-01,1980-05-31,,950,51.275,39.2
RUSSIA,ROSTOV-1,Operational,PWR  ,VVER V-320,REA,AEM,1981-09-01,2001-03-30,,950,47.59944444,42.36416667
RUSSIA,ROSTOV-2,Operational,PWR  ,VVER V-320,REA,AEM,1983-05-01,2010-03-18,,950,47.59944444,42.36416667
RUSSIA,ROSTOV-3,Operational,PWR  ,VVER V-320,REA,AEM,2009-09-15,2014-12-27,,950,47.59944444,42.36416667
RUSSIA,ROSTOV-4,Operational,PWR  ,VVER V-320,REA,AEM,2010-06-16,2018-02-02,,979,47.59944444,42.36416667
RUSSIA,SMOLENSK-1,Operational,LWGR ,RBMK-1000,REA,AEM,1975-10-01,1982-12-09,,925,54.16666667,33.23333333
RUSSIA,SMOLENSK-2,Operational,LWGR ,RBMK-1000,REA,AEM,1976-06-01,1985-05-31,,925,54.16666667,33.23333333
RUSSIA,SMOLENSK-3,Operational,LWGR ,RBMK-1000,REA,AEM,1984-05-01,1990-01-17,,925,54.16666667,33.23333333
SLOVAKIA,BOHUNICE A1,Permanent Shutdown,HWGCR,KS 150,JAVYS,SKODA,1958-08-01,1972-12-25,1977-02-22,93,48.49444444,17.68055556
SLOVAKIA,BOHUNICE-1,Permanent Shutdown,PWR  ,VVER V-230,JAVYS,AEE,1972-04-24,1978-12-17,2006-12-31,408,48.49444444,17.68055556
SLOVAKIA,BOHUNICE-2,Permanent Shutdown,PWR  ,VVER V-230,JAVYS,AEE,1972-04-24,1980-03-26,2008-12-31,408,48.49444444,17.68055556
SLOVAKIA,BOHUNICE-3,Operational,PWR  ,VVER V-213,SE,SKODA,1976-12-01,1984-08-20,,471,48.49444444,17.68055556
SLOVAKIA,BOHUNICE-4,Operational,PWR  ,VVER V-213,SE,SKODA,1976-12-01,1985-08-09,,471,48.49444444,17.68055556
SLOVAKIA,MOCHOVCE-1,Operational,PWR  ,VVER V-213,SE,SKODA,1983-10-13,1998-07-04,,436,48.26388889,18.45694444
SLOVAKIA,MOCHOVCE-2,Operational,PWR  ,VVER V-213,SE,SKODA,1983-10-13,1999-12-20,,436,48.26388889,18.45694444
SLOVAKIA,MOCHOVCE-3,Under Construction,PWR  ,VVER V-213,SE,SKODA,1987-01-27,2021-04-14,,440,48.26388889,18.45694444
SLOVAKIA,MOCHOVCE-4,Under Construction,PWR  ,VVER V-213,SE,SKODA,1987-01-27,2023-03-15,,440,48.26388889,18.45694444
SLOVENIA,KRSKO,Operational,PWR  ,WH 2LP,NEK,WH,1975-03-30,1981-10-02,,688,51.675,35.60555556
SOUTH AFRICA,KOEBERG-1,Operational,PWR  ,CP1,ESKOM,FRAM,1976-07-01,1984-04-04,,930,-33.67666667,18.43194444
SOUTH AFRICA,KOEBERG-2,Operational,PWR  ,CP1,ESKOM,FRAM,1976-07-01,1985-07-25,,930,-33.67666667,18.43194444
SPAIN,ALMARAZ-1,Operational,PWR  ,WH 3LP,CNAT,WH,1973-07-03,1981-05-01,,1011,39.80805556,-5.69694444
SPAIN,ALMARAZ-2,Operational,PWR  ,WH 3LP,CNAT,WH,1973-07-03,1983-10-08,,1006,39.80805556,-5.69694444
SPAIN,ASCO-1,Operational,PWR  ,WH 3LP,ANAV,WH,1974-05-16,1983-08-13,,995,41.2,0.56944444
SPAIN,ASCO-2,Operational,PWR  ,WH 3LP,ANAV,WH,1975-03-07,1985-10-23,,997,41.2,0.56944444
SPAIN,COFRENTES,Operational,BWR  ,BWR-6 (Mark 3),ID,GE,1975-09-09,1984-10-14,,1064,39.21666667,-1.05
SPAIN,JOSE CABRERA-1,Permanent Shutdown,PWR  ,WH 1LP,UFG,WH,1964-06-24,1968-07-14,2006-04-30,141,40.349167,-2.884444
SPAIN,SANTA MARIA DE GARONA,Permanent Shutdown,BWR  ,BWR-3,NUCLENOR,GE,1966-09-01,1971-03-02,2017-08-02,446,42.775,-3.20833333
SPAIN,TRILLO-1,Operational,PWR  ,PWR 3 loops,CNAT,KWU,1979-08-17,1988-05-23,,1003,40.70138889,-2.62222222
SPAIN,VANDELLOS-1,Permanent Shutdown,GCR  ,,HIFRENSA,CEA,1968-06-21,1972-05-06,1990-07-31,480,40.95138889,0.86666667
SPAIN,VANDELLOS-2,Operational,PWR  ,WH 3LP,ANAV,WH,1980-12-29,1987-12-12,,1045,40.95138889,0.86666667
SWEDEN,AGESTA,Permanent Shutdown,PHWR ,,SVAFO,ABBATOM,1957-12-01,1964-05-01,1974-06-02,10,59.20611111,18.0825
SWEDEN,BARSEBACK-1,Permanent Shutdown,BWR  ,AA-II,BKAB,ASEASTAL,1971-02-01,1975-05-15,1999-11-30,600,55.74444444,12.92083333
SWEDEN,BARSEBACK-2,Permanent Shutdown,BWR  ,AA-II,BKAB,ABBATOM,1973-01-01,1977-03-21,2005-05-31,600,55.74444444,12.92083333
SWEDEN,FORSMARK-1,Operational,BWR  ,"AA-III, BWR-250",FKA,ABBATOM,1973-06-01,1980-06-06,,990,60.40333333,18.16666667
SWEDEN,FORSMARK-2,Operational,BWR  ,"AA-III, BWR-250",FKA,ABBATOM,1975-01-01,1981-01-26,,1118,60.40333333,18.16666667
SWEDEN,FORSMARK-3,Operational,BWR  ,"AA-IV, BWR-3000",FKA,ABBATOM,1979-01-01,1985-03-05,,1172,60.40333333,18.16666667
SWEDEN,OSKARSHAMN-1,Permanent Shutdown,BWR  ,AA-I,OKG,ABBATOM,1966-08-01,1971-08-19,2017-06-19,473,57.41555556,16.67111111
SWEDEN,OSKARSHAMN-2,Permanent Shutdown,BWR  ,AA-II,OKG,ABBATOM,1969-09-01,1974-10-02,2016-12-22,638,57.41555556,16.67111111
SWEDEN,OSKARSHAMN-3,Operational,BWR  ,"AA-IV, BWR-3000",OKG,ABBATOM,1980-05-01,1985-03-03,,1400,57.41555556,16.67111111
SWEDEN,RINGHALS-1,Operational,BWR  ,AA-I,RAB,ABBATOM,1969-02-01,1974-10-14,,881,57.26111111,12.10833333
SWEDEN,RINGHALS-2,Permanent Shutdown,PWR  ,WH 3LP,RAB,WH,1970-10-01,1974-08-17,2019-12-31,852,57.26111111,12.10833333
SWEDEN,RINGHALS-3,Operational,PWR  ,WH 3LP,RAB,WH,1972-09-01,1980-09-07,,1062,57.26111111,12.10833333
SWEDEN,RINGHALS-4,Operational,PWR  ,WH 3LP,RAB,WH,1973-11-01,1982-06-23,,1117,57.26111111,12.10833333
SWITZERLAND,BEZNAU-1,Operational,PWR  ,WH 2LP,Axpo AG,WH,1965-09-01,1969-07-17,,365,47.5522,8.22778
SWITZERLAND,BEZNAU-2,Operational,PWR  ,WH 2LP,Axpo AG,WH,1968-01-01,1971-10-23,,365,47.5522,8.22778
SWITZERLAND,GOESGEN,Operational,PWR  ,PWR 3 Loop,KKG,KWU,1973-12-01,1979-02-02,,1010,,
SWITZERLAND,LEIBSTADT,Operational,BWR  ,BWR-6,KKL,GETSCO,1974-01-01,1984-05-24,,1220,47.6013,8.18375
SWITZERLAND,LUCENS,Permanent Shutdown,HWGCR,HWGCR: 2-loops,EOS,NGA,1962-04-01,1968-01-29,1969-01-21,6,46.692824,6.826892
SWITZERLAND,MUEHLEBERG,Permanent Shutdown,BWR  ,BWR-4,BKW,GETSCO,1967-03-01,1971-07-01,2019-12-20,373,46.9708,7.27028
"TAIWAN, CHINA",CHINSHAN-1,Permanent Shutdown,BWR  ,BWR-4 (Mark 1),TPC,GE,1972-06-02,1977-11-16,2018-12-06,604,25.29147459,121.56767324
"TAIWAN, CHINA",CHINSHAN-2,Permanent Shutdown,BWR  ,BWR-4 (Mark 1),TPC,GE,1973-12-07,1978-12-19,2019-07-16,604,25.29147459,121.56767324
"TAIWAN, CHINA",KUOSHENG-1,Operational,BWR  ,BWR-6,TPC,GE,1975-11-19,1981-05-21,,985,25.2029346,121.66286004
"TAIWAN, CHINA",KUOSHENG-2,Operational,BWR  ,BWR-6,TPC,GE,1976-03-15,1982-06-29,,985,25.2029346,121.66286004
"TAIWAN, CHINA",LUNGMEN 1,Under Construction,BWR  ,ABWR,TPC,GE,1999-03-31,,,1300,,
"TAIWAN, CHINA",LUNGMEN 2,Under Construction,BWR  ,ABWR,TPC,GE,1999-08-30,,,1300,,
"TAIWAN, CHINA",MAANSHAN-1,Operational,PWR  ,WH 3LP (WE 312),TPC,WH,1978-08-21,1984-05-09,,936,21.958092,120.751612
"TAIWAN, CHINA",MAANSHAN-2,Operational,PWR  ,WH 3LP (WE 312),TPC,WH,1979-02-21,1985-02-25,,938,21.958092,120.751612
TURKEY,AKKUYU-1,Under Construction,PWR  ,VVER V-509,ANC,AEM,2018-04-03,,,1114,36.14444444,33.54111111
TURKEY,AKKUYU-2,Under Construction,PWR  ,VVER V-509,ANC,AEM,2020-04-08,,,1114,36.14444444,33.54111111
UKRAINE,CHERNOBYL-1,Permanent Shutdown,LWGR ,RBMK,MTE,FAEA,1970-03-01,1977-09-26,1996-11-30,740,51.389553,30.099147
UKRAINE,CHERNOBYL-2,Permanent Shutdown,LWGR ,RBMK,MTE,FAEA,1973-02-01,1978-12-21,1991-10-11,925,51.389553,30.099147
UKRAINE,CHERNOBYL-3,Permanent Shutdown,LWGR ,RBMK,MTE,FAEA,1976-03-01,1981-12-03,2000-12-15,925,51.389553,30.099147
UKRAINE,CHERNOBYL-4,Permanent Shutdown,LWGR ,RBMK,MTE,FAEA,1979-04-01,1983-12-22,1986-04-26,925,51.389553,30.099147
UKRAINE,KHMELNITSKI-1,Operational,PWR  ,VVER V-320,NNEGC,PAIP,1981-11-01,1987-12-31,,950,50.305,26.645
UKRAINE,KHMELNITSKI-2,Operational,PWR  ,VVER V-320,NNEGC,PAIP,1985-02-01,2004-08-07,,950,50.305,26.645
UKRAINE,KHMELNITSKI-3,Under Construction,PWR  ,VVER,NNEGC,JSC ASE,1986-03-01,,,1035,50.305,26.645
UKRAINE,KHMELNITSKI-4,Under Construction,PWR  ,VVER,NNEGC,JSC ASE,1987-02-01,,,1035,50.305,26.645
UKRAINE,ROVNO-1,Operational,PWR  ,VVER V-213,NNEGC,PAIP,1973-08-01,1980-12-22,,381,51.32777778,25.89166667
UKRAINE,ROVNO-2,Operational,PWR  ,VVER V-213,NNEGC,PAIP,1973-10-01,1981-12-22,,376,51.32777778,25.89166667
UKRAINE,ROVNO-3,Operational,PWR  ,VVER V-320,NNEGC,PAIP,1980-02-01,1986-12-21,,950,51.32777778,25.89166667
UKRAINE,ROVNO-4,Operational,PWR  ,VVER V-320,NNEGC,PAA,1986-08-01,2004-10-10,,950,51.32777778,25.89166667
UKRAINE,SOUTH UKRAINE-1,Operational,PWR  ,VVER V-302,NNEGC,PAA,1976-08-01,1982-12-31,,950,47.81666667,31.21666667
UKRAINE,SOUTH UKRAINE-2,Operational,PWR  ,VVER V-338,NNEGC,PAA,1981-07-01,1985-01-06,,950,47.81666667,31.21666667
UKRAINE,SOUTH UKRAINE-3,Operational,PWR  ,VVER V-320,NNEGC,PAA,1984-11-01,1989-09-20,,950,47.81666667,31.21666667
UKRAINE,ZAPOROZHYE-1,Operational,PWR  ,VVER V-320,NNEGC,PAIP,1980-04-01,1984-12-10,,950,47.51222222,34.58583333
UKRAINE,ZAPOROZHYE-2,Operational,PWR  ,VVER V-320,NNEGC,PAIP,1981-01-01,1985-07-22,,950,47.51222222,34.58583333
UKRAINE,ZAPOROZHYE-3,Operational,PWR  ,VVER V-320,NNEGC,PAIP,1982-04-01,1986-12-10,,950,47.51222222,34.58583333
UKRAINE,ZAPOROZHYE-4,Operational,PWR  ,VVER V-320,NNEGC,PAIP,1983-04-01,1987-12-18,,950,47.51222222,34.58583333
UKRAINE,ZAPOROZHYE-5,Operational,PWR  ,VVER V-320,NNEGC,PAIP,1985-11-01,1989-08-14,,950,47.51222222,34.58583333
UKRAINE,ZAPOROZHYE-6,Operational,PWR  ,VVER V-320,NNEGC,PAIP,1986-06-01,1995-10-19,,950,47.51222222,34.58583333
UNITED ARAB EMIRATES,BARAKAH-1,Operational,PWR  ,APR-1400,NAWAH,KEPCO,2012-07-19,2020-08-19,,1345,23.984722222,52.283611111
UNITED ARAB EMIRATES,BARAKAH-2,Under Construction,PWR  ,APR-1400,NAWAH,KEPCO,2013-04-16,,,1345,23.984722222,52.283611111
UNITED ARAB EMIRATES,BARAKAH-3,Under Construction,PWR  ,APR-1400,NAWAH,KEPCO,2014-09-24,,,1345,23.984722222,52.283611111
UNITED ARAB EMIRATES,BARAKAH-4,Under Construction,PWR  ,APR-1400,NAWAH,KEPCO,2015-07-30,,,1345,23.984722222,52.283611111
UNITED KINGDOM,BERKELEY-1,Permanent Shutdown,GCR  ,MAGNOX,ML,TNPG,1957-01-01,1962-06-12,1989-03-31,138,51.6925,-2.49361
UNITED KINGDOM,BERKELEY-2,Permanent Shutdown,GCR  ,MAGNOX,ML,TNPG,1957-01-01,1962-06-24,1988-10-26,138,51.6925,-2.49361
UNITED KINGDOM,BRADWELL-1,Permanent Shutdown,GCR  ,MAGNOX,ML,TNPG,1957-01-01,1962-07-01,2002-03-31,123,51.7414,0.896944
UNITED KINGDOM,BRADWELL-2,Permanent Shutdown,GCR  ,MAGNOX,ML,TNPG,1957-01-01,1962-07-06,2002-03-30,123,51.7414,0.896944
UNITED KINGDOM,CALDER HALL-1,Permanent Shutdown,GCR  ,MAGNOX,SL,UKAEA,1953-08-01,1956-08-27,2003-03-31,49,,
UNITED KINGDOM,CALDER HALL-2,Permanent Shutdown,GCR  ,MAGNOX,SL,UKAEA,1953-08-01,1957-02-01,2003-03-31,49,,
UNITED KINGDOM,CALDER HALL-3,Permanent Shutdown,GCR  ,MAGNOX,SL,UKAEA,1955-08-01,1958-03-01,2003-03-31,49,,
UNITED KINGDOM,CALDER HALL-4,Permanent Shutdown,GCR  ,MAGNOX,SL,UKAEA,1955-08-01,1959-04-01,2003-03-31,49,,
UNITED KINGDOM,CHAPELCROSS-1,Permanent Shutdown,GCR  ,MAGNOX,ML,UKAEA,1955-10-01,1959-02-01,2004-06-29,48,,
UNITED KINGDOM,CHAPELCROSS-2,Permanent Shutdown,GCR  ,MAGNOX,ML,UKAEA,1955-10-01,1959-07-01,2004-06-29,48,,
UNITED KINGDOM,CHAPELCROSS-3,Permanent Shutdown,GCR  ,MAGNOX,ML,UKAEA,1955-10-01,1959-11-01,2004-06-29,48,,
UNITED KINGDOM,CHAPELCROSS-4,Permanent Shutdown,GCR  ,MAGNOX,ML,UKAEA,1955-10-01,1960-01-01,2004-06-29,48,,
UNITED KINGDOM,DOUNREAY DFR,Permanent Shutdown,FBR  ,,UKAEA,UKAEA,1955-03-01,1962-10-01,1977-03-01,11,,
UNITED KINGDOM,DOUNREAY PFR,Permanent Shutdown,FBR  ,,UKAEA,TNPG,1966-01-01,1975-01-10,1994-03-31,234,,
UNITED KINGDOM,DUNGENESS A-1,Permanent Shutdown,GCR  ,MAGNOX,ML,TNPG,1960-07-01,1965-09-21,2006-12-31,225,50.9139,0.963889
UNITED KINGDOM,DUNGENESS A-2,Permanent Shutdown,GCR  ,MAGNOX,ML,TNPG,1960-07-01,1965-11-01,2006-12-31,225,50.9139,0.963889
UNITED KINGDOM,DUNGENESS B-1,Operational,GCR  ,AGR,EDF UK,APC,1965-10-01,1983-04-03,,545,50.9139,0.963889
UNITED KINGDOM,DUNGENESS B-2,Operational,GCR  ,AGR,EDF UK,APC,1965-10-01,1985-12-29,,545,50.9139,0.963889
UNITED KINGDOM,HARTLEPOOL A-1,Operational,GCR  ,AGR,EDF UK,NPC,1968-10-01,1983-08-01,,590,54.635,-1.18083
UNITED KINGDOM,HARTLEPOOL A-2,Operational,GCR  ,AGR,EDF UK,NPC,1968-10-01,1984-10-31,,595,54.635,-1.18083
UNITED KINGDOM,HEYSHAM A-1,Operational,GCR  ,AGR,EDF UK,NPC,1970-12-01,1983-07-09,,485,54.0289,-2.91611
UNITED KINGDOM,HEYSHAM A-2,Operational,GCR  ,AGR,EDF UK,NPC,1970-12-01,1984-10-11,,575,54.0289,-2.91611
UNITED KINGDOM,HEYSHAM B-1,Operational,GCR  ,AGR,EDF UK,NPC,1980-08-01,1988-07-12,,620,54.0289,-2.91611
UNITED KINGDOM,HEYSHAM B-2,Operational,GCR  ,AGR,EDF UK,NPC,1980-08-01,1988-11-11,,620,54.0289,-2.91611
UNITED KINGDOM,HINKLEY POINT A-1,Permanent Shutdown,GCR  ,MAGNOX,ML,EE/B&W/T,1957-11-01,1965-02-16,2000-05-23,235,51.208739,-3.133743
UNITED KINGDOM,HINKLEY POINT A-2,Permanent Shutdown,GCR  ,MAGNOX,ML,EE/B&W/T,1957-11-01,1965-03-19,2000-05-23,235,51.208739,-3.133743
UNITED KINGDOM,HINKLEY POINT B-1,Operational,GCR  ,AGR,EDF UK,TNPG,1967-09-01,1976-10-30,,485,51.208739,-3.133743
UNITED KINGDOM,HINKLEY POINT B-2,Operational,GCR  ,AGR,EDF UK,TNPG,1967-09-01,1976-02-05,,480,51.208739,-3.133743
UNITED KINGDOM,HINKLEY POINT C-1,Under Construction,PWR  ,EPR-1750,EDF-CGN,AREVA,2018-12-11,,,1630,51.208739,-3.133743
UNITED KINGDOM,HINKLEY POINT C-2,Under Construction,PWR  ,EPR-1750,EDF-CGN,AREVA,2019-12-12,,,1630,51.208739,-3.133743
UNITED KINGDOM,HUNTERSTON A-1,Permanent Shutdown,GCR  ,MAGNOX,ML,GEC,1957-10-01,1964-02-05,1990-03-30,150,55.7221,-4.89009
UNITED KINGDOM,HUNTERSTON A-2,Permanent Shutdown,GCR  ,MAGNOX,ML,GEC,1957-10-01,1964-06-01,1989-12-31,150,55.7221,-4.89009
UNITED KINGDOM,HUNTERSTON B-1,Operational,GCR  ,AGR,EDF UK,TNPG,1967-11-01,1976-02-06,,490,55.7221,-4.89009
UNITED KINGDOM,HUNTERSTON B-2,Operational,GCR  ,AGR,EDF UK,TNPG,1967-11-01,1977-03-31,,495,55.7221,-4.89009
UNITED KINGDOM,OLDBURY A-1,Permanent Shutdown,GCR  ,MAGNOX,ML,TNPG,1962-05-01,1967-11-07,2012-02-29,217,51.6489,-2.57083
UNITED KINGDOM,OLDBURY A-2,Permanent Shutdown,GCR  ,MAGNOX,ML,TNPG,1962-05-01,1968-04-06,2011-06-30,217,51.6489,-2.57083
UNITED KINGDOM,SIZEWELL A-1,Permanent Shutdown,GCR  ,MAGNOX,ML,EE/B&W/T,1961-04-01,1966-01-21,2006-12-31,210,52.215,1.61972
UNITED KINGDOM,SIZEWELL A-2,Permanent Shutdown,GCR  ,MAGNOX,ML,EE/B&W/T,1961-04-01,1966-04-09,2006-12-31,210,52.215,1.61972
UNITED KINGDOM,SIZEWELL B,Operational,PWR  ,SNUPPS,EDF UK,PPC,1988-07-18,1995-02-14,,1198,52.215,1.61972
UNITED KINGDOM,TORNESS-1,Operational,GCR  ,AGR,EDF UK,NNC,1980-08-01,1988-05-25,,595,55.968,-2.40908
UNITED KINGDOM,TORNESS-2,Operational,GCR  ,AGR,EDF UK,NNC,1980-08-01,1989-02-03,,605,55.968,-2.40908
UNITED KINGDOM,TRAWSFYNYDD-1,Permanent Shutdown,GCR  ,MAGNOX,ML,APC,1959-07-01,1965-01-14,1991-02-06,195,52.9249,-3.94844
UNITED KINGDOM,TRAWSFYNYDD-2,Permanent Shutdown,GCR  ,MAGNOX,ML,APC,1959-07-01,1965-02-02,1991-02-04,195,52.9249,-3.94844
UNITED KINGDOM,WINDSCALE AGR,Permanent Shutdown,GCR  ,AGR,UKAEA,UKAEA,1958-11-01,1963-02-01,1981-04-03,24,,
UNITED KINGDOM,WINFRITH SGHWR,Permanent Shutdown,SGHWR,,UKAEA,ICL/FE,1963-05-01,1967-12-01,1990-09-11,92,,
UNITED KINGDOM,WYLFA-1,Permanent Shutdown,GCR  ,MAGNOX,ML,EE/B&W/T,1963-09-01,1971-01-24,2015-12-30,490,53.4167,-4.48333
UNITED KINGDOM,WYLFA-2,Permanent Shutdown,GCR  ,MAGNOX,ML,EE/B&W/T,1963-09-01,1971-07-21,2012-04-25,490,53.4167,-4.48333
UNITED STATES OF AMERICA,ANO-1,Operational,PWR  ,B&W LLP (DRYAMB,ENTERGY,B&W,1968-10-01,1974-08-17,,836,35.3103,-93.2314
UNITED STATES OF AMERICA,ANO-2,Operational,PWR  ,CE 2LP (DRYAMB),ENTERGY,CE,1968-12-06,1978-12-26,,988,35.3103,-93.2314
UNITED STATES OF AMERICA,BEAVER VALLEY-1,Operational,PWR  ,WH 3LP (DRYSUB),FENOC,WH,1970-06-26,1976-06-14,,908,40.6233,-80.4306
UNITED STATES OF AMERICA,BEAVER VALLEY-2,Operational,PWR  ,WH 3LP (DRYSUB),FENOC,WH,1974-05-03,1987-08-17,,905,40.6233,-80.4306
UNITED STATES OF AMERICA,BIG ROCK POINT,Permanent Shutdown,BWR  ,-,CPC,GE,1960-05-01,1962-12-08,1997-08-29,67,45.3589,-85.1972
UNITED STATES OF AMERICA,BONUS,Permanent Shutdown,BWR  ,Superheater,DOE/PRWR,GNEPRWRA,1960-01-01,1964-08-14,1968-06-01,17,,
UNITED STATES OF AMERICA,BRAIDWOOD-1,Operational,PWR  ,WH 4LP (DRYAMB),EXELON,WH,1975-08-01,1987-07-12,,1194,41.2436,-88.2292
UNITED STATES OF AMERICA,BRAIDWOOD-2,Operational,PWR  ,WH 4LP (DRYAMB),EXELON,WH,1975-08-01,1988-05-25,,1160,41.2436,-88.2292
UNITED STATES OF AMERICA,BROWNS FERRY-1,Operational,BWR  ,BWR-4 (Mark 1),TVA,GE,1967-05-01,1973-10-15,,1200,34.7039,-87.1186
UNITED STATES OF AMERICA,BROWNS FERRY-2,Operational,BWR  ,BWR-4 (Mark 1),TVA,GE,1967-05-01,1974-08-28,,1200,34.7039,-87.1186
UNITED STATES OF AMERICA,BROWNS FERRY-3,Operational,BWR  ,BWR-4 (Mark 1),TVA,GE,1968-07-01,1976-09-12,2036-07-01,1210,34.7039,-87.1186
UNITED STATES OF AMERICA,BRUNSWICK-1,Operational,BWR  ,BWR-4 (Mark 1),PROGRESS,GE,1970-02-07,1976-12-04,,938,33.9583,-78.0103
UNITED STATES OF AMERICA,BRUNSWICK-2,Operational,BWR  ,BWR-4 (Mark 1),PROGRESS,GE,1970-02-07,1975-04-29,,932,33.9583,-78.0103
UNITED STATES OF AMERICA,BYRON-1,Operational,PWR  ,WH 4LP (DRYAMB),EXELON,WH,1975-04-01,1985-03-01,,1164,42.0742,-89.2819
UNITED STATES OF AMERICA,BYRON-2,Operational,PWR  ,WH 4LP (DRYAMB),EXELON,WH,1975-04-01,1987-02-06,,1136,42.0742,-89.2819
UNITED STATES OF AMERICA,CALLAWAY-1,Operational,PWR  ,WH 4LP (DRYAMB),AmerenUE,WH,1975-09-01,1984-10-24,,1215,38.7617,-91.78
UNITED STATES OF AMERICA,CALVERT CLIFFS-1,Operational,PWR  ,CE 2LP (DRYAMB),EXELON,CE,1968-06-01,1975-01-03,,877,38.4319,-76.4422
UNITED STATES OF AMERICA,CALVERT CLIFFS-2,Operational,PWR  ,CE 2LP (DRYAMB),EXELON,CE,1968-06-01,1976-12-07,,855,38.4319,-76.4422
UNITED STATES OF AMERICA,CATAWBA-1,Operational,PWR  ,WH 4LP (ICECND),DUKEENER,WH,1974-05-01,1985-01-22,,1160,35.0517,-81.07
UNITED STATES OF AMERICA,CATAWBA-2,Operational,PWR  ,WH 4LP (ICECND),DUKEENER,WH,1974-05-01,1986-05-18,,1150,35.0517,-81.07
UNITED STATES OF AMERICA,CLINTON-1,Operational,BWR  ,BWR-6 (Mark 3),EXELON,GE,1975-10-01,1987-04-24,,1062,40.1722,-88.835
UNITED STATES OF AMERICA,COLUMBIA,Operational,BWR  ,BWR-5 (Mark 2),ENERGYNW,GE,1972-08-01,1984-05-27,,1131,46.4711,-119.334
UNITED STATES OF AMERICA,COMANCHE PEAK-1,Operational,PWR  ,WH 4LP (DRYAMB),LUMINANT,WH,1974-12-19,1990-04-24,,1205,32.2983,-97.785
UNITED STATES OF AMERICA,COMANCHE PEAK-2,Operational,PWR  ,WH 4LP (DRYAMB),LUMINANT,WH,1974-12-19,1993-04-09,,1195,32.2983,-97.785
UNITED STATES OF AMERICA,COOK-1,Operational,PWR  ,WH 4LP (ICECDN),AEP,WH,1969-03-25,1975-02-10,,1030,41.9754,-86.5659
UNITED STATES OF AMERICA,COOK-2,Operational,PWR  ,WH 4LP (ICECDN),AEP,WH,1969-03-25,1978-03-22,,1168,41.9754,-86.5659
UNITED STATES OF AMERICA,COOPER,Operational,BWR  ,BWR-4 (Mark 1),ENTERGY,GE,1968-06-01,1974-05-10,,769,40.3619,-95.6414
UNITED STATES OF AMERICA,CRYSTAL RIVER-3,Permanent Shutdown,PWR  ,B&W LLP (DRYAMB,PROGRESS,B&W,1968-09-25,1977-01-30,2013-02-05,860,28.9575,-82.6983
UNITED STATES OF AMERICA,CVTR,Permanent Shutdown,PHWR ,Prototype,CVPA,WH,1960-01-01,1963-12-18,1967-01-10,17,,
UNITED STATES OF AMERICA,DAVIS BESSE-1,Operational,PWR  ,B&W RLP (DRYAMB,FENOC,B&W,1970-09-01,1977-08-28,,894,41.59692,-83.088999
UNITED STATES OF AMERICA,DIABLO CANYON-1,Operational,PWR  ,WH 4LP (DRYAMB),PG&E,WH,1968-04-23,1984-11-11,,1138,35.2108,-120.856
UNITED STATES OF AMERICA,DIABLO CANYON-2,Operational,PWR  ,WH 4LP (DRYAMB),PG&E,WH,1970-12-09,1985-10-20,,1118,35.2108,-120.856
UNITED STATES OF AMERICA,DRESDEN-1,Permanent Shutdown,BWR  ,,EXELON,GE,1956-05-01,1960-04-15,1978-10-31,197,41.3897,-88.2681
UNITED STATES OF AMERICA,DRESDEN-2,Operational,BWR  ,BWR-3 (Mark 1),EXELON,GE,1966-01-10,1970-04-13,,894,41.3897,-88.2681
UNITED STATES OF AMERICA,DRESDEN-3,Operational,BWR  ,BWR-3 (Mark 1),EXELON,GE,1966-10-14,1971-07-22,,879,41.3897,-88.2681
UNITED STATES OF AMERICA,DUANE ARNOLD-1,Permanent Shutdown,BWR  ,BWR-4 (Mark 1),NEXTERA,GE,1970-06-22,1974-05-19,2020-10-12,601,42.1006,-91.7772
UNITED STATES OF AMERICA,ELK RIVER,Permanent Shutdown,BWR  ,-,RCPA,AC,1959-01-01,1963-08-24,1968-02-01,22,,
UNITED STATES OF AMERICA,FARLEY-1,Operational,PWR  ,WH 3LP (DRYAMB),SOUTHERN,WH,1970-10-01,1977-08-18,,874,31.2231,-85.1117
UNITED STATES OF AMERICA,FARLEY-2,Operational,PWR  ,WH 3LP (DRYAMB),SOUTHERN,WH,1970-10-01,1981-05-25,,883,31.2231,-85.1117
UNITED STATES OF AMERICA,FERMI-1,Permanent Shutdown,FBR  ,Liquid Metal FB,DTEDISON,UEC,1956-08-08,1966-08-05,1972-11-29,61,41.9628,-83.2575
UNITED STATES OF AMERICA,FERMI-2,Operational,BWR  ,BWR-4 (Mark 1),DTEDISON,GE,1972-09-26,1986-09-21,,1115,41.9628,-83.2575
UNITED STATES OF AMERICA,FITZPATRICK,Operational,BWR  ,BWR-4 (Mark 1),EXELON,GE,1968-09-01,1975-02-01,,813,43.5233,-76.3983
UNITED STATES OF AMERICA,FORT CALHOUN-1,Permanent Shutdown,PWR  ,CE 2LP,EXELON,CE,1968-06-07,1973-08-25,2016-10-24,482,41.5203,-96.0772
UNITED STATES OF AMERICA,FORT ST. VRAIN,Permanent Shutdown,HTGR ,,PSCC,GA,1968-09-01,1976-12-11,1989-08-29,330,,
UNITED STATES OF AMERICA,GE VALLECITOS,Permanent Shutdown,BWR  ,25,GE,GE,1956-01-01,1957-10-19,1963-12-09,24,37.6133,-121.84
UNITED STATES OF AMERICA,GINNA,Operational,PWR  ,WH 2LP (DRYAMB),EXELON,WH,1966-04-25,1969-12-02,,560,43.2778,-77.31
UNITED STATES OF AMERICA,GRAND GULF-1,Operational,BWR  ,BWR-6 (Mark 3),ENTERGY,GE,1974-05-04,1984-10-20,,1401,32.0067,-91.0483
UNITED STATES OF AMERICA,HADDAM NECK,Permanent Shutdown,PWR  ,-,CYAPC,WH,1964-05-01,1967-08-07,1996-12-05,560,41.4819,-72.4992
UNITED STATES OF AMERICA,HALLAM,Permanent Shutdown,X    ,LMGMR (SGR- Sod,AEC/NPPD,GE,1959-01-01,1963-09-01,1964-09-01,75,40.5592,-96.7847
UNITED STATES OF AMERICA,HARRIS-1,Operational,PWR  ,WH 3LP (DRYAMB),PROGRESS,WH,1978-01-28,1987-01-19,,964,35.6333,-78.955
UNITED STATES OF AMERICA,HATCH-1,Operational,BWR  ,BWR-4 (Mark 1),SOUTHERN,GE,1968-09-30,1974-11-11,,876,31.9342,-82.3439
UNITED STATES OF AMERICA,HATCH-2,Operational,BWR  ,BWR-4 (Mark 1),SOUTHERN,GE,1972-02-01,1978-09-22,,883,31.9342,-82.3439
UNITED STATES OF AMERICA,HOPE CREEK-1,Operational,BWR  ,BWR-4 (Mark 1),PSEG,GE,1976-03-01,1986-08-01,,1172,39.46777778,-75.53805556
UNITED STATES OF AMERICA,HUMBOLDT BAY,Permanent Shutdown,BWR  ,Natural cir.,PG&E,GE,1960-11-01,1963-04-18,1976-07-02,63,40.7413,-124.209
UNITED STATES OF AMERICA,INDIAN POINT-1,Permanent Shutdown,PWR  ,PWR,ENTERGY,B&W,1956-05-01,1962-09-16,1974-10-31,257,41.269722222,-73.952222222
UNITED STATES OF AMERICA,INDIAN POINT-2,Permanent Shutdown,PWR  ,WH 4LP (DRYAMB),ENTERGY,WH,1966-10-14,1973-06-26,2020-04-30,998,41.269722222,-73.952222222
UNITED STATES OF AMERICA,INDIAN POINT-3,Operational,PWR  ,WH 4LP (DRYAMB),ENTERGY,WH,1968-11-01,1976-04-27,,1030,41.269722222,-73.952222222
UNITED STATES OF AMERICA,KEWAUNEE,Permanent Shutdown,PWR  ,WH 2LP (DRYAMB),DOMINION,WH,1968-08-06,1974-04-08,2013-05-07,566,44.3422,-87.5361
UNITED STATES OF AMERICA,LACROSSE,Permanent Shutdown,BWR  ,,DPC,AC,1963-03-01,1968-04-26,1987-04-30,48,,
UNITED STATES OF AMERICA,LASALLE-1,Operational,BWR  ,BWR-5 (Mark 2),EXELON,GE,1973-09-10,1982-09-04,,1137,41.2456,-88.6692
UNITED STATES OF AMERICA,LASALLE-2,Operational,BWR  ,BWR-5 (Mark 2),EXELON,GE,1973-09-10,1984-04-20,,1140,41.2456,-88.6692
UNITED STATES OF AMERICA,LIMERICK-1,Operational,BWR  ,BWR-4 (Mark 2),EXELON,GE,1974-06-19,1985-04-13,,1134,40.2267,-75.5872
UNITED STATES OF AMERICA,LIMERICK-2,Operational,BWR  ,BWR-4 (Mark 2),EXELON,GE,1974-06-19,1989-09-01,,1134,40.2267,-75.5872
UNITED STATES OF AMERICA,MAINE YANKEE,Permanent Shutdown,PWR  ,,MYAPC,CE,1968-10-01,1972-11-08,1997-08-01,860,43.95055556,-69.69611111
UNITED STATES OF AMERICA,MCGUIRE-1,Operational,PWR  ,WH 4LP (ICECND),DUKEENER,WH,1971-04-01,1981-09-12,,1158,35.4325,-80.9483
UNITED STATES OF AMERICA,MCGUIRE-2,Operational,PWR  ,WH 4LP (ICECND),DUKEENER,WH,1971-04-01,1983-05-23,,1158,35.4325,-80.9483
UNITED STATES OF AMERICA,MILLSTONE-1,Permanent Shutdown,BWR  ,,DOMINION,GE,1966-05-01,1970-11-29,1998-07-01,641,41.31194444,-72.16861111
UNITED STATES OF AMERICA,MILLSTONE-2,Operational,PWR  ,CE 2LP (DRYAMB),DOMINION,CE,1969-11-01,1975-11-09,,869,41.31194444,-72.16861111
UNITED STATES OF AMERICA,MILLSTONE-3,Operational,PWR  ,WH 4LP (DRYSUB),DOMINION,WH,1974-08-09,1986-02-12,,1210,41.31194444,-72.16861111
UNITED STATES OF AMERICA,MONTICELLO,Operational,BWR  ,BWR-3 (Mark 1),NSP,GE,1967-06-19,1971-03-05,,628,45.3336,-93.8492
UNITED STATES OF AMERICA,NINE MILE POINT-1,Operational,BWR  ,BWR-2 (Mark 1),EXELON,GE,1965-04-12,1969-11-09,,613,43.5208,-76.4069
UNITED STATES OF AMERICA,NINE MILE POINT-2,Operational,BWR  ,BWR-5 (Mark 2),EXELON,GE,1975-08-01,1987-08-08,,1277,43.5208,-76.4069
UNITED STATES OF AMERICA,NORTH ANNA-1,Operational,PWR  ,WH 3LP (DRYSUB),DOMINION,WH,1971-02-19,1978-04-17,,948,38.0606,-77.7894
UNITED STATES OF AMERICA,NORTH ANNA-2,Operational,PWR  ,WH 3LP (DRYSUB),DOMINION,WH,1971-02-19,1980-08-25,,944,38.0606,-77.7894
UNITED STATES OF AMERICA,OCONEE-1,Operational,PWR  ,B&W LLP (DRYAMB,DUKEENER,B&W,1967-11-06,1973-05-06,,847,34.7939,-82.8981
UNITED STATES OF AMERICA,OCONEE-2,Operational,PWR  ,B&W LLP (DRYAMB,DUKEENER,B&W,1967-11-06,1973-12-05,,848,34.7939,-82.8981
UNITED STATES OF AMERICA,OCONEE-3,Operational,PWR  ,B&W LLP (DRYAMB,DUKEENER,B&W,1967-11-06,1974-09-18,,859,34.7939,-82.8981
UNITED STATES OF AMERICA,OYSTER CREEK,Permanent Shutdown,BWR  ,BWR-2 (Mark 1),EXELON,GE,1964-12-15,1969-09-23,2018-09-17,619,39.8147,-74.205
UNITED STATES OF AMERICA,PALISADES,Operational,PWR  ,CE 2LP (DRYAMB),ENTERGY,CE,1967-03-14,1971-12-31,,805,42.3228,-86.3144
UNITED STATES OF AMERICA,PALO VERDE-1,Operational,PWR  ,CE80 2LP (DRYAM,APS,CE,1976-05-25,1985-06-10,,1311,33.3892,-112.865
UNITED STATES OF AMERICA,PALO VERDE-2,Operational,PWR  ,CE80 2LP (DRYAM,APS,CE,1976-06-01,1986-05-20,,1314,33.3892,-112.865
UNITED STATES OF AMERICA,PALO VERDE-3,Operational,PWR  ,CE80 2LP (DRYAM,APS,CE,1976-06-01,1987-11-28,,1312,33.3892,-112.865
UNITED STATES OF AMERICA,PATHFINDER,Permanent Shutdown,BWR  ,Prototype,NMC,AC,1959-01-01,1966-07-25,1967-10-01,59,43.6036,-96.6375
UNITED STATES OF AMERICA,PEACH BOTTOM-1,Permanent Shutdown,HTGR ,,EXELON,GA,1962-02-01,1967-01-27,1974-11-01,40,39.7583,-76.2681
UNITED STATES OF AMERICA,PEACH BOTTOM-2,Operational,BWR  ,BWR-4 (Mark 1),EXELON,GE,1968-01-31,1974-02-18,,1300,39.7583,-76.2681
UNITED STATES OF AMERICA,PEACH BOTTOM-3,Operational,BWR  ,BWR-4 (Mark 1),EXELON,GE,1968-01-31,1974-09-01,,1331,39.7583,-76.2681
UNITED STATES OF AMERICA,PERRY-1,Operational,BWR  ,BWR-6 (Mark 3),FENOC,GE,1974-10-01,1986-12-19,,1240,41.8008,-81.1433
UNITED STATES OF AMERICA,PILGRIM-1,Permanent Shutdown,BWR  ,BWR-3 (Mark 1),ENTERGY,GE,1968-08-26,1972-07-19,2019-05-31,677,41.945,-70.5783
UNITED STATES OF AMERICA,PIQUA,Permanent Shutdown,X    ,OCM (Organicall,CofPiqua,GE,1960-01-01,1963-07-01,1966-01-01,12,40.1323,-84.2348
UNITED STATES OF AMERICA,POINT BEACH-1,Operational,PWR  ,WH 2LP (DRYAMB),NEXTERA,WH,1967-07-19,1970-11-06,,591,44.2811,-87.5367
UNITED STATES OF AMERICA,POINT BEACH-2,Operational,PWR  ,WH 2LP (DRYAMB),NEXTERA,WH,1968-07-25,1972-08-02,,591,44.2811,-87.5367
UNITED STATES OF AMERICA,PRAIRIE ISLAND-1,Operational,PWR  ,WH 2LP (DRYAMB),NSP,WH,1968-06-25,1973-12-04,,522,44.6217,-92.6331
UNITED STATES OF AMERICA,PRAIRIE ISLAND-2,Operational,PWR  ,WH 2LP (DRYAMB),NSP,WH,1969-06-25,1974-12-21,,519,44.6217,-92.6331
UNITED STATES OF AMERICA,QUAD CITIES-1,Operational,BWR  ,BWR-3 (Mark 1),EXELON,GE,1967-02-15,1972-04-12,,908,41.7264,-90.31
UNITED STATES OF AMERICA,QUAD CITIES-2,Operational,BWR  ,BWR-3 (Mark 1),EXELON,GE,1967-02-15,1972-05-23,,911,41.7264,-90.31
UNITED STATES OF AMERICA,RANCHO SECO-1,Permanent Shutdown,PWR  ,,SMUD,B&W,1969-04-01,1974-10-13,1989-06-07,873,38.3453,-121.122
UNITED STATES OF AMERICA,RIVER BEND-1,Operational,BWR  ,BWR-6 (Mark 3),ENTERGY,GE,1977-03-25,1985-12-03,,967,30.7567,-91.3333
UNITED STATES OF AMERICA,ROBINSON-2,Operational,PWR  ,WH 3LP (DRYAMB),PROGRESS,WH,1967-04-13,1970-09-26,,741,34.4028,-80.1583
UNITED STATES OF AMERICA,SALEM-1,Operational,PWR  ,WH 4LP (DRYAMB),PSEG,WH,1968-09-25,1976-12-25,,1169,39.46297722,-75.53422451
UNITED STATES OF AMERICA,SALEM-2,Operational,PWR  ,WH 4LP (DRYAMB),PSEG,WH,1968-09-25,1981-06-03,,1158,39.46297722,-75.53422451
UNITED STATES OF AMERICA,SAN ONOFRE-1,Permanent Shutdown,PWR  ,,SCE,WH,1964-05-01,1967-07-16,1992-11-30,436,33.3689,-117.555
UNITED STATES OF AMERICA,SAN ONOFRE-2,Permanent Shutdown,PWR  ,CE (2-loop) DRY,SCE,CE,1974-03-01,1982-09-20,2013-06-07,1070,33.3689,-117.555
UNITED STATES OF AMERICA,SAN ONOFRE-3,Permanent Shutdown,PWR  ,CE (2-loop) DRY,SCE,CE,1974-03-01,1983-09-25,2013-06-07,1080,33.3689,-117.555
UNITED STATES OF AMERICA,SAXTON,Permanent Shutdown,PWR  ,25,SNEC,GE,1960-01-01,1967-03-01,1972-05-01,3,,
UNITED STATES OF AMERICA,SEABROOK-1,Operational,PWR  ,WH 4LP (DRYAMB),NEXTERA,WH,1976-07-07,1990-05-29,,1246,42.8989,-70.8508
UNITED STATES OF AMERICA,SEQUOYAH-1,Operational,PWR  ,WH 4LP (ICECND),TVA,WH,1970-05-27,1980-07-22,,1152,35.2264,-85.0917
UNITED STATES OF AMERICA,SEQUOYAH-2,Operational,PWR  ,WH 4LP (ICECND),TVA,WH,1970-05-27,1981-12-23,,1139,35.2264,-85.0917
UNITED STATES OF AMERICA,SHIPPINGPORT,Permanent Shutdown,PWR  ,PLWBR,DOE DUQU,WH,1954-01-01,1957-12-02,1982-10-01,60,40.6211,-80.4353
UNITED STATES OF AMERICA,SHOREHAM,Permanent Shutdown,BWR  ,-,LIPA,GE,1972-11-01,1986-08-01,1989-05-01,820,40.9611,-72.865
UNITED STATES OF AMERICA,SOUTH TEXAS-1,Operational,PWR  ,WH 4LP (DRYAMB),STP,WH,1975-12-22,1988-03-30,,1280,28.7956,-96.0489
UNITED STATES OF AMERICA,SOUTH TEXAS-2,Operational,PWR  ,WH 4LP (DRYAMB),STP,WH,1975-12-22,1989-04-11,,1280,28.7956,-96.0489
UNITED STATES OF AMERICA,ST. LUCIE-1,Operational,PWR  ,CE 2LP (DRYAMB),FPL,CE,1970-07-01,1976-05-07,,981,27.3486,-80.2464
UNITED STATES OF AMERICA,ST. LUCIE-2,Operational,PWR  ,CE 2LP (DRYAMB),FPL,CE,1977-06-02,1983-06-13,,987,27.3486,-80.2464
UNITED STATES OF AMERICA,SUMMER-1,Operational,PWR  ,WH 3LP (DRYAMB),SCE&G,WH,1973-03-21,1982-11-16,,973,34.2986,-81.3147
UNITED STATES OF AMERICA,SURRY-1,Operational,PWR  ,WH 3LP (DRYSUB),DOMINION,WH,1968-06-25,1972-07-04,,838,37.1656,-76.6978
UNITED STATES OF AMERICA,SURRY-2,Operational,PWR  ,WH 3LP (DRYSUB),DOMINION,WH,1968-06-25,1973-03-10,,838,37.1656,-76.6978
UNITED STATES OF AMERICA,SUSQUEHANNA-1,Operational,BWR  ,BWR-4 (Mark 2),PPL_SUSQ,GE,1973-11-02,1982-11-16,,1257,41.0889,-76.1489
UNITED STATES OF AMERICA,SUSQUEHANNA-2,Operational,BWR  ,BWR-4 (Mark 2),PPL_SUSQ,GE,1973-11-02,1984-07-03,,1257,41.0889,-76.1489
UNITED STATES OF AMERICA,THREE MILE ISLAND-1,Permanent Shutdown,PWR  ,B&W LLP (DRYAMB,EXELON,B&W,1968-05-18,1974-06-19,2019-09-20,819,40.152047,-76.724911
UNITED STATES OF AMERICA,THREE MILE ISLAND-2,Permanent Shutdown,PWR  ,,GPU,B&W,1969-11-01,1978-04-21,1979-03-28,880,40.152047,-76.724911
UNITED STATES OF AMERICA,TROJAN,Permanent Shutdown,PWR  ,,PORTGE,WH,1970-02-01,1975-12-23,1992-11-09,1095,46.0383,-122.885
UNITED STATES OF AMERICA,TURKEY POINT-3,Operational,PWR  ,WH 3LP (DRYAMB),FPL,WH,1967-04-27,1972-11-02,,837,25.4342,-80.3306
UNITED STATES OF AMERICA,TURKEY POINT-4,Operational,PWR  ,WH 3LP (DRYAMB),FPL,WH,1967-04-27,1973-06-21,,821,25.4342,-80.3306
UNITED STATES OF AMERICA,VERMONT YANKEE,Permanent Shutdown,BWR  ,BWR-4 (Mark 1),ENTERGY,GE,1967-12-11,1972-09-20,2014-12-29,605,42.7789,-72.5131
UNITED STATES OF AMERICA,VOGTLE-1,Operational,PWR  ,WH 4LP (DRYAMB),SOUTHERN,WH,1976-08-01,1987-03-27,,1150,33.1433,-81.7606
UNITED STATES OF AMERICA,VOGTLE-2,Operational,PWR  ,WH 4LP (DRYAMB),SOUTHERN,WH,1976-08-01,1989-04-10,,1152,33.1433,-81.7606
UNITED STATES OF AMERICA,VOGTLE-3,Under Construction,PWR  ,AP-1000,SOUTHERN,WH,2013-03-12,,,1117,33.1433,-81.7606
UNITED STATES OF AMERICA,VOGTLE-4,Under Construction,PWR  ,AP-1000,SOUTHERN,WH,2013-11-19,,,1117,33.1433,-81.7606
UNITED STATES OF AMERICA,WATERFORD-3,Operational,PWR  ,CE 2LP (DRYAMB),ENTERGY,CE,1974-11-14,1985-03-18,,1168,29.9953,-90.4711
UNITED STATES OF AMERICA,WATTS BAR-1,Operational,PWR  ,WH 4LP (ICECND),TVA,WH,1973-07-20,1996-02-06,,1157,35.6028,-84.7894
UNITED STATES OF AMERICA,WATTS BAR-2,Operational,PWR  ,WH 4LP (ICECND),TVA,WH,1973-09-01,2016-06-03,,1164,35.6028,-84.7894
UNITED STATES OF AMERICA,WOLF CREEK,Operational,PWR  ,WH 4LP (DRYAMB),WCNOC,WH,1977-05-31,1985-06-12,,1200,38.2389,-95.6889
UNITED STATES OF AMERICA,YANKEE NPS,Permanent Shutdown,PWR  ,PWR,YAEC,WH,1957-11-01,1960-11-10,1991-10-01,167,,
UNITED STATES OF AMERICA,ZION-1,Permanent Shutdown,PWR  ,WH 4LP,EXELON,WH,1968-12-01,1973-06-28,1998-02-13,1040,42.4464,-87.803
UNITED STATES OF AMERICA,ZION-2,Permanent Shutdown,PWR  ,WH 4LP,EXELON,WH,1968-12-01,1973-12-26,1998-02-13,1040,42.4464,-87.803
